Date,time_days_from_injection_start,time_days_from_monitor_start,Reinj_Q_tph_avg,ZK403_injection_kg_s_positive,ZK203_production_kg_s_negative_assumed,ZK208_production_kg_s_negative_assumed,ZK203_P_MPa_avg,ZK208_P_MPa_avg,Reinj_Pin_MPa_avg,Reinj_Pout_MPa_avg,SC211_delta_h_m,ZK204_delta_h_m,ZK207_delta_h_m,ZK206_delta_h_m,ZK401_delta_h_m,ZK402_delta_h_m,ZK501_delta_h_m
2018-10-17,3,0,288.0,80.0,-26.70769230769231,-53.292307692307695,0.992,1.293,,,0.0,0.0,0.0,0.0,0.0,0.0,0.0
2018-10-24,10,7,,,,,,,,,5.140000000000327,6.389999999999418,19.56999999999971,-0.23999999999978172,1.0399999999999636,0.11999999999989086,-0.0500000000001819
2018-10-31,17,14,,,,,,,,,2.6500000000005457,5.359999999999673,19.840000000000146,-2.350000000000364,0.2599999999993088,0.19000000000050932,0.0
2018-11-07,24,21,427.5,118.75,-39.64423076923077,-79.10576923076923,0.959,1.156,1.061,1.7,-11.05999999999949,-1.980000000000473,0.019999999999527063,74.25,0.05999999999949068,0.2600000000002183,-1.0799999999999272
2018-11-14,31,28,443.9,123.30555555555556,-41.16508547008547,-82.14047008547008,0.856,1.136,1.061,1.696,-10.889999999999418,-15.38000000000011,-0.9899999999997817,74.25,-0.8600000000005821,0.3400000000001455,-0.09000000000014552
2018-11-21,38,35,448.2,124.5,-41.56384615384616,-82.93615384615384,0.821,1.066,1.061,1.737,-12.279999999999745,3.089999999999236,6.269999999999527,72.22999999999956,-0.8400000000001455,0.38000000000010914,-1.069999999999709
2018-11-27,44,41,,,,,,,,,8.659999999999854,1.1099999999996726,19.840000000000146,74.27999999999975,-1.910000000000764,0.42000000000007276,0.9800000000004729
2018-12-05,52,49,,,,,1.04,1.197,,,3.0900000000001455,5.219999999999345,22.92999999999938,75.26999999999953,-2.8900000000003274,0.48000000000047294,0.9800000000004729
2018-12-12,59,56,,,,,0.73,0.032,,,7.170000000000073,10.259999999999309,21.5,-2.350000000000364,-2.8900000000003274,0.4899999999997817,4.0700000000006185
2018-12-26,73,70,,,,,0.681,,,,9.199999999999818,-15.38000000000011,-17.199999999999818,8.449999999999818,-3.9400000000005093,0.6700000000000728,3.0399999999999636
2019-01-02,80,77,,,,,0.65,,,,15.930000000000291,-15.320000000000618,20.420000000000073,7.260000000000218,-2.8900000000003274,0.4899999999997817,-0.0500000000001819
2019-01-09,87,84,,,,,0.768,,,,-8.0,-13.3700000000008,25.720000000000255,7.420000000000073,-4.940000000000509,0.48000000000047294,6.550000000000182
2019-01-14,92,89,272.8,75.77777777777777,-25.298119658119656,-50.47965811965811,1.152,0.119,1.061,1.423,14.960000000000036,0.07999999999992724,24.170000000000073,6.269999999999527,-4.940000000000509,0.5600000000004002,1.3299999999999272
2019-02-23,132,129,540.7,150.19444444444446,-50.14183760683761,-100.05260683760685,1.016,1.41,1.061,1.697,9.710000000000036,-0.14000000000032742,17.0,-0.8100000000004002,-2.600000000000364,0.5200000000004366,-0.6899999999995998
2019-02-28,137,134,643.2,178.66666666666666,-59.647179487179486,-119.01948717948717,1.026,1.372,1.061,1.738,6.5600000000004,0.7899999999999636,14.0,1.3999999999996362,-3.8200000000006185,0.5600000000004002,0.4000000000005457
2019-03-07,144,141,647.4,179.83333333333334,-60.03666666666667,-119.79666666666668,0.943,1.348,1.061,1.734,2.369999999999891,-0.75,9.710000000000036,1.3999999999996362,-3.8200000000006185,0.5100000000002183,3.5
2019-03-11,148,145,676.0,187.77777777777777,-62.68888888888888,-125.08888888888889,0.917,1.335,1.061,1.708,1.3100000000004002,-0.23000000000047294,8.599999999999454,0.22000000000025466,-3.630000000000109,0.48000000000047294,1.4099999999998545
2019-03-14,151,148,619.2,172.0,-57.42153846153846,-114.57846153846154,0.891,1.343,1.061,1.705,5.510000000000218,-1.1700000000000728,6.529999999999745,2.430000000000291,-3.7600000000002183,0.4400000000005093,1.3299999999999272
2019-03-18,155,152,712.0,197.77777777777777,-66.02735042735043,-131.75042735042734,0.851,1.25,1.061,1.75,6.5600000000004,-0.23000000000047294,4.449999999999818,-0.8100000000004002,-2.7700000000004366,0.4499999999998181,1.3299999999999272
2019-03-21,158,155,739.7,205.47222222222223,-68.59611111111111,-136.8761111111111,0.843,1.232,1.061,1.733,1.3100000000004002,0.0,1.3400000000001455,3.199999999999818,-3.6900000000005093,0.4899999999997817,-0.7599999999993088
2019-03-25,162,159,749.8,208.27777777777777,-69.53273504273504,-138.74504273504274,0.85,1.251,1.061,1.73,-9.61999999999989,1.0999999999994543,1.3400000000001455,2.1599999999998545,-3.6900000000005093,0.4899999999997817,0.28000000000065484
2019-03-28,165,162,772.2,214.5,-71.61,-142.89,0.898,1.223,1.061,1.735,-9.63000000000011,0.0,2.380000000000109,2.380000000000109,-3.6900000000005093,0.4099999999998545,0.28000000000065484
2019-04-02,170,167,773.1,214.75,-71.69346153846153,-143.05653846153845,0.898,1.211,1.061,1.737,-9.649999999999636,-0.5300000000006548,3.4099999999998545,4.710000000000036,-3.6900000000005093,0.5200000000004366,0.28000000000065484
2019-04-09,177,174,751.3,208.69444444444446,-69.67183760683761,-139.02260683760684,0.915,1.183,1.061,1.712,-9.590000000000146,-0.9500000000007276,0.3000000000001819,-9.930000000000291,-2.5600000000004,0.4600000000000364,0.28000000000065484
2019-04-17,185,182,773.0,214.72222222222223,-71.68418803418804,-143.03803418803417,0.718,0.972,1.061,1.835,6.760000000000218,1.2399999999997817,-3.850000000000364,3.6599999999998545,-2.5600000000004,0.3900000000003274,1.2600000000002183
2019-04-23,191,188,771.0,214.16666666666666,-71.49871794871794,-142.6679487179487,0.739,0.982,1.061,1.842,-14.11999999999989,2.269999999999527,-1.7799999999997453,-2.3900000000003274,-1.5600000000004002,0.43000000000029104,0.22000000000025466
2019-04-29,197,194,766.2,212.83333333333334,-71.05358974358975,-141.77974358974362,0.614,0.931,1.061,1.805,-15.019999999999527,0.21000000000003638,-4.890000000000327,1.0399999999999636,-2.5600000000004,0.3900000000003274,-0.7599999999993088
2019-05-08,206,203,772.3,214.52777777777777,-71.6192735042735,-142.9085042735043,0.836,1.118,1.305,1.811,-10.789999999999964,2.269999999999527,-2.8100000000004,-7.720000000000255,-2.630000000000109,0.38000000000010914,-1.9200000000000728
2019-05-16,214,211,773.1,214.75,-71.69346153846153,-143.05653846153845,0.745,1.098,1.058,1.78,-11.399999999999636,2.269999999999527,-2.8100000000004,-2.8400000000001455,-2.4000000000005457,0.5600000000004002,-1.9200000000000728
2019-05-23,221,218,772.6,214.61111111111111,-71.64709401709402,-142.9640170940171,0.726,1.073,1.054,1.821,-10.109999999999673,-0.8100000000004002,1.3400000000001455,-2.8400000000001455,-2.7700000000004366,0.3600000000005821,-1.8599999999996726
2019-05-29,227,224,772.5,214.58333333333334,-71.63782051282051,-142.94551282051285,0.627,0.917,0.924,1.874,-12.329999999999927,0.21000000000003638,-1.7799999999997453,-3.2100000000000364,-2.630000000000109,0.43000000000029104,-6.069999999999709
2019-06-05,234,231,770.2,213.94444444444446,-71.42452991452991,-142.51991452991453,0.634,0.93,0.934,1.886,-11.38000000000011,0.18999999999959982,-2.8100000000004,-5.3100000000004,-2.630000000000109,0.32999999999992724,-6.069999999999709
2019-06-12,241,238,771.3,214.25,-71.52653846153846,-142.72346153846155,0.593,0.851,0.883,1.871,-13.399999999999636,0.21000000000003638,-3.850000000000364,-2.3900000000003274,-2.630000000000109,0.32999999999992724,-6.069999999999709
2019-06-19,248,245,772.0,214.44444444444446,-71.591452991453,-142.85299145299146,0.585,0.867,0.934,1.892,-13.449999999999818,0.18999999999959982,-1.7799999999997453,-1.8999999999996362,-2.630000000000109,0.4400000000005093,-2.9600000000000364
2019-06-27,256,253,772.0,214.44444444444446,-71.591452991453,-142.85299145299146,0.595,0.847,0.891,1.928,-12.199999999999818,0.21000000000003638,-2.8100000000004,-3.6700000000000728,-2.5600000000004,0.4099999999998545,-0.8800000000001091
2019-07-02,261,258,771.3,214.25,-71.52653846153846,-142.72346153846155,0.567,0.831,0.861,1.919,-12.199999999999818,-0.8100000000004002,-3.850000000000364,-2.0100000000002183,-2.5600000000004,0.7100000000000364,-0.8800000000001091
2019-07-05,264,261,772.0,214.44444444444446,-71.591452991453,-142.85299145299146,0.579,0.839,0.878,1.956,-12.300000000000182,-0.8100000000004002,-3.850000000000364,4.710000000000036,-2.5600000000004,0.5100000000002183,-0.8800000000001091
2019-07-09,268,265,773.1,214.75,-71.69346153846153,-143.05653846153845,0.565,0.856,0.893,1.903,-10.899999999999636,6.3799999999992,-3.850000000000364,4.960000000000036,-2.480000000000473,0.3100000000004002,-0.8800000000001091
2019-07-12,271,268,772.0,214.44444444444446,-71.591452991453,-142.85299145299146,0.591,0.854,0.87,1.828,-12.149999999999636,5.359999999999673,-3.850000000000364,5.220000000000255,-2.480000000000473,0.3600000000005821,-0.9399999999995998
2019-07-16,275,272,766.0,212.77777777777777,-71.03504273504272,-141.74273504273503,0.598,0.83,0.901,1.916,-9.800000000000182,5.359999999999673,-3.850000000000364,6.079999999999927,-2.480000000000473,0.5100000000002183,0.0500000000001819
2019-07-19,278,275,772.0,214.44444444444446,-71.591452991453,-142.85299145299146,0.641,0.899,0.855,1.972,-9.5,0.21000000000003638,-3.850000000000364,4.960000000000036,-2.480000000000473,0.4099999999998545,-0.9899999999997817
2019-07-22,281,278,771.2,214.22222222222223,-71.51726495726497,-142.70495726495727,0.599,0.856,0.909,1.942,-10.0,1.2399999999997817,-3.850000000000364,4.960000000000036,-2.480000000000473,0.3600000000005821,-4.079999999999927
2019-07-24,283,280,772.3,214.52777777777777,-71.6192735042735,-142.9085042735043,0.609,0.88,0.888,1.923,-9.0,3.2999999999992724,-3.7799999999997453,5.220000000000255,-2.480000000000473,0.4099999999998545,0.1000000000003638
2019-07-29,288,285,772.6,214.61111111111111,-71.64709401709402,-142.9640170940171,0.623,0.869,0.851,1.922,-10.800000000000182,0.21000000000003638,-3.8200000000006185,5.220000000000255,-2.480000000000473,0.5100000000002183,0.1000000000003638
