time_days,time_seconds,Date,ZK403_injection_kg_s_positive,ZK203_production_kg_s_negative_assumed,ZK208_production_kg_s_negative_assumed,ZK403_injection_m3_s_positive_rho1000,ZK203_production_m3_s_negative_assumed_rho1000,ZK208_production_m3_s_negative_assumed_rho1000,Reinj_Q_tph_avg,source_curve_note
0,0,2019-01-13,0.0,0.0,0.0,0.0,0.0,0.0,0.0,missing source data filled as 0 for OGS curve continuity
1,86400,2019-01-14,75.777778,-25.29812,-50.479658,0.075777778,-0.02529812,-0.050479658,272.8,
2,172800,2019-01-15,111.555556,-37.242393,-74.313162,0.111555556,-0.037242393,-0.074313162,401.6,
3,259200,2019-01-16,0.0,0.0,0.0,0.0,0.0,0.0,0.0,
4,345600,2019-01-17,82.388889,-27.505214,-54.883675,0.082388889,-0.027505214,-0.054883675,296.6,
5,432000,2019-01-18,0.0,0.0,0.0,0.0,0.0,0.0,0.0,
6,518400,2019-01-19,0.0,0.0,0.0,0.0,0.0,0.0,0.0,missing source data filled as 0 for OGS curve continuity
7,604800,2019-01-20,174.166667,-58.144872,-116.021795,0.174166667,-0.058144872,-0.116021795,627.0,
8,691200,2019-01-21,154.416667,-51.55141,-102.865256,0.154416667,-0.05155141,-0.102865256,555.9,
9,777600,2019-01-22,140.944444,-47.053761,-93.890684,0.140944444,-0.047053761,-0.093890684,507.4,
10,864000,2019-01-23,116.027778,-38.735427,-77.29235,0.116027778,-0.038735427,-0.07729235,417.7,
11,950400,2019-01-24,144.638889,-48.287137,-96.351752,0.144638889,-0.048287137,-0.096351752,520.7,
12,1036800,2019-01-25,229.0,-76.450769,-152.549231,0.229,-0.076450769,-0.152549231,824.4,
13,1123200,2019-01-26,178.972222,-59.749188,-119.223034,0.178972222,-0.059749188,-0.119223034,644.3,
14,1209600,2019-01-27,146.583333,-48.936282,-97.647051,0.146583333,-0.048936282,-0.097647051,527.7,
15,1296000,2019-01-28,189.305556,-63.198932,-126.106624,0.189305556,-0.063198932,-0.126106624,681.5,
16,1382400,2019-01-29,229.027778,-76.460043,-152.567735,0.229027778,-0.076460043,-0.152567735,824.5,
17,1468800,2019-01-30,123.777778,-41.322735,-82.455043,0.123777778,-0.041322735,-0.082455043,445.6,
18,1555200,2019-01-31,229.0,-76.450769,-152.549231,0.229,-0.076450769,-0.152549231,824.4,
19,1641600,2019-02-01,161.805556,-54.018162,-107.787393,0.161805556,-0.054018162,-0.107787393,582.5,
20,1728000,2019-02-02,188.861111,-63.050556,-125.810556,0.188861111,-0.063050556,-0.125810556,679.9,
21,1814400,2019-02-03,90.083333,-30.073974,-60.009359,0.090083333,-0.030073974,-0.060009359,324.3,
22,1900800,2019-02-04,229.0,-76.450769,-152.549231,0.229,-0.076450769,-0.152549231,824.4,
23,1987200,2019-02-05,88.416667,-29.517564,-58.899103,0.088416667,-0.029517564,-0.058899103,318.3,
24,2073600,2019-02-06,89.944444,-30.027607,-59.916838,0.089944444,-0.030027607,-0.059916838,323.8,
25,2160000,2019-02-07,209.861111,-70.061325,-139.799786,0.209861111,-0.070061325,-0.139799786,755.5,
27,2332800,2019-02-09,229.027778,-76.460043,-152.567735,0.229027778,-0.076460043,-0.152567735,824.5,
29,2505600,2019-02-11,229.0,-76.450769,-152.549231,0.229,-0.076450769,-0.152549231,824.4,
30,2592000,2019-02-12,229.0,-76.450769,-152.549231,0.229,-0.076450769,-0.152549231,824.4,
31,2678400,2019-02-13,229.027778,-76.460043,-152.567735,0.229027778,-0.076460043,-0.152567735,824.5,
34,2937600,2019-02-16,212.916667,-71.08141,-141.835256,0.212916667,-0.07108141,-0.141835256,766.5,
35,3024000,2019-02-17,175.083333,-58.450897,-116.632436,0.175083333,-0.058450897,-0.116632436,630.3,
36,3110400,2019-02-18,178.583333,-59.619359,-118.963974,0.178583333,-0.059619359,-0.118963974,642.9,
37,3196800,2019-02-19,164.138889,-54.797137,-109.341752,0.164138889,-0.054797137,-0.109341752,590.9,
38,3283200,2019-02-20,170.972222,-57.078419,-113.893803,0.170972222,-0.057078419,-0.113893803,615.5,
39,3369600,2019-02-21,154.388889,-51.542137,-102.846752,0.154388889,-0.051542137,-0.102846752,555.8,
40,3456000,2019-02-22,214.194444,-71.507991,-142.686453,0.214194444,-0.071507991,-0.142686453,771.1,
41,3542400,2019-02-23,150.194444,-50.141838,-100.052607,0.150194444,-0.050141838,-0.100052607,540.7,
42,3628800,2019-02-24,144.166667,-48.129487,-96.037179,0.144166667,-0.048129487,-0.096037179,519.0,
43,3715200,2019-02-25,140.694444,-46.970299,-93.724145,0.140694444,-0.046970299,-0.093724145,506.5,
44,3801600,2019-02-26,142.5,-47.573077,-94.926923,0.1425,-0.047573077,-0.094926923,513.0,
45,3888000,2019-02-27,142.666667,-47.628718,-95.037949,0.142666667,-0.047628718,-0.095037949,513.6,
46,3974400,2019-02-28,178.666667,-59.647179,-119.019487,0.178666667,-0.059647179,-0.119019487,643.2,
47,4060800,2019-03-01,183.055556,-61.112393,-121.943162,0.183055556,-0.061112393,-0.121943162,659.0,
50,4320000,2019-03-04,170.222222,-56.828034,-113.394188,0.170222222,-0.056828034,-0.113394188,612.8,
51,4406400,2019-03-05,176.222222,-58.831111,-117.391111,0.176222222,-0.058831111,-0.117391111,634.4,
52,4492800,2019-03-06,169.611111,-56.624017,-112.987094,0.169611111,-0.056624017,-0.112987094,610.6,
53,4579200,2019-03-07,179.833333,-60.036667,-119.796667,0.179833333,-0.060036667,-0.119796667,647.4,
54,4665600,2019-03-08,178.027778,-59.433889,-118.593889,0.178027778,-0.059433889,-0.118593889,640.9,
55,4752000,2019-03-09,181.388889,-60.555983,-120.832906,0.181388889,-0.060555983,-0.120832906,653.0,
56,4838400,2019-03-10,211.472222,-70.599188,-140.873034,0.211472222,-0.070599188,-0.140873034,761.3,
57,4924800,2019-03-11,187.777778,-62.688889,-125.088889,0.187777778,-0.062688889,-0.125088889,676.0,
58,5011200,2019-03-12,191.083333,-63.792436,-127.290897,0.191083333,-0.063792436,-0.127290897,687.9,
59,5097600,2019-03-13,189.361111,-63.217479,-126.143632,0.189361111,-0.063217479,-0.126143632,681.7,
60,5184000,2019-03-14,172.0,-57.421538,-114.578462,0.172,-0.057421538,-0.114578462,619.2,
61,5270400,2019-03-15,189.694444,-63.328761,-126.365684,0.189694444,-0.063328761,-0.126365684,682.9,
62,5356800,2019-03-16,204.166667,-68.160256,-136.00641,0.204166667,-0.068160256,-0.13600641,735.0,
63,5443200,2019-03-17,198.888889,-66.398291,-132.490598,0.198888889,-0.066398291,-0.132490598,716.0,
64,5529600,2019-03-18,197.777778,-66.02735,-131.750427,0.197777778,-0.06602735,-0.131750427,712.0,
65,5616000,2019-03-19,200.277778,-66.861966,-133.415812,0.200277778,-0.066861966,-0.133415812,721.0,
66,5702400,2019-03-20,206.75,-69.022692,-137.727308,0.20675,-0.069022692,-0.137727308,744.3,
67,5788800,2019-03-21,205.472222,-68.596111,-136.876111,0.205472222,-0.068596111,-0.136876111,739.7,
68,5875200,2019-03-22,210.166667,-70.163333,-140.003333,0.210166667,-0.070163333,-0.140003333,756.6,
69,5961600,2019-03-23,204.194444,-68.16953,-136.024915,0.204194444,-0.06816953,-0.136024915,735.1,
70,6048000,2019-03-24,202.472222,-67.594573,-134.87765,0.202472222,-0.067594573,-0.13487765,728.9,
71,6134400,2019-03-25,208.277778,-69.532735,-138.745043,0.208277778,-0.069532735,-0.138745043,749.8,
72,6220800,2019-03-26,203.944444,-68.086068,-135.858376,0.203944444,-0.068086068,-0.135858376,734.2,
73,6307200,2019-03-27,194.277778,-64.858889,-129.418889,0.194277778,-0.064858889,-0.129418889,699.4,
74,6393600,2019-03-28,214.5,-71.61,-142.89,0.2145,-0.07161,-0.14289,772.2,
75,6480000,2019-03-29,206.694444,-69.004145,-137.690299,0.206694444,-0.069004145,-0.137690299,744.1,
76,6566400,2019-03-30,214.277778,-71.535812,-142.741966,0.214277778,-0.071535812,-0.142741966,771.4,
77,6652800,2019-03-31,212.527778,-70.951581,-141.576197,0.212527778,-0.070951581,-0.141576197,765.1,
78,6739200,2019-04-01,206.611111,-68.976325,-137.634786,0.206611111,-0.068976325,-0.137634786,743.8,
79,6825600,2019-04-02,214.75,-71.693462,-143.056538,0.21475,-0.071693462,-0.143056538,773.1,
80,6912000,2019-04-03,209.444444,-69.922222,-139.522222,0.209444444,-0.069922222,-0.139522222,754.0,
81,6998400,2019-04-04,208.888889,-69.736752,-139.152137,0.208888889,-0.069736752,-0.139152137,752.0,
82,7084800,2019-04-05,214.75,-71.693462,-143.056538,0.21475,-0.071693462,-0.143056538,773.1,
83,7171200,2019-04-06,213.916667,-71.415256,-142.50141,0.213916667,-0.071415256,-0.14250141,770.1,
84,7257600,2019-04-07,214.75,-71.693462,-143.056538,0.21475,-0.071693462,-0.143056538,773.1,
85,7344000,2019-04-08,210.361111,-70.228248,-140.132863,0.210361111,-0.070228248,-0.140132863,757.3,
86,7430400,2019-04-09,208.694444,-69.671838,-139.022607,0.208694444,-0.069671838,-0.139022607,751.3,
87,7516800,2019-04-10,214.694444,-71.674915,-143.01953,0.214694444,-0.071674915,-0.14301953,772.9,
88,7603200,2019-04-11,0.0,0.0,0.0,0.0,0.0,0.0,0.0,missing source data filled as 0 for OGS curve continuity
89,7689600,2019-04-12,214.388889,-71.572906,-142.815983,0.214388889,-0.071572906,-0.142815983,771.8,
90,7776000,2019-04-13,214.166667,-71.498718,-142.667949,0.214166667,-0.071498718,-0.142667949,771.0,
91,7862400,2019-04-14,214.638889,-71.656368,-142.982521,0.214638889,-0.071656368,-0.142982521,772.7,
92,7948800,2019-04-15,214.472222,-71.600726,-142.871496,0.214472222,-0.071600726,-0.142871496,772.1,
93,8035200,2019-04-16,214.194444,-71.507991,-142.686453,0.214194444,-0.071507991,-0.142686453,771.1,
94,8121600,2019-04-17,214.722222,-71.684188,-143.038034,0.214722222,-0.071684188,-0.143038034,773.0,
95,8208000,2019-04-18,214.166667,-71.498718,-142.667949,0.214166667,-0.071498718,-0.142667949,771.0,
96,8294400,2019-04-19,214.166667,-71.498718,-142.667949,0.214166667,-0.071498718,-0.142667949,771.0,
97,8380800,2019-04-20,214.166667,-71.498718,-142.667949,0.214166667,-0.071498718,-0.142667949,771.0,
98,8467200,2019-04-21,214.166667,-71.498718,-142.667949,0.214166667,-0.071498718,-0.142667949,771.0,
99,8553600,2019-04-22,214.666667,-71.665641,-143.001026,0.214666667,-0.071665641,-0.143001026,772.8,
100,8640000,2019-04-23,214.166667,-71.498718,-142.667949,0.214166667,-0.071498718,-0.142667949,771.0,
101,8726400,2019-04-24,214.166667,-71.498718,-142.667949,0.214166667,-0.071498718,-0.142667949,771.0,
102,8812800,2019-04-25,214.166667,-71.498718,-142.667949,0.214166667,-0.071498718,-0.142667949,771.0,
103,8899200,2019-04-26,214.166667,-71.498718,-142.667949,0.214166667,-0.071498718,-0.142667949,771.0,
104,8985600,2019-04-27,214.166667,-71.498718,-142.667949,0.214166667,-0.071498718,-0.142667949,771.0,
105,9072000,2019-04-28,212.833333,-71.05359,-141.779744,0.212833333,-0.07105359,-0.141779744,766.2,
106,9158400,2019-04-29,212.833333,-71.05359,-141.779744,0.212833333,-0.07105359,-0.141779744,766.2,
107,9244800,2019-04-30,212.833333,-71.05359,-141.779744,0.212833333,-0.07105359,-0.141779744,766.2,
108,9331200,2019-05-01,168.333333,-56.197436,-112.135897,0.168333333,-0.056197436,-0.112135897,606.0,
109,9417600,2019-05-02,214.722222,-71.684188,-143.038034,0.214722222,-0.071684188,-0.143038034,773.0,
110,9504000,2019-05-03,214.75,-71.693462,-143.056538,0.21475,-0.071693462,-0.143056538,773.1,
111,9590400,2019-05-04,214.722222,-71.684188,-143.038034,0.214722222,-0.071684188,-0.143038034,773.0,
112,9676800,2019-05-05,214.527778,-71.619274,-142.908504,0.214527778,-0.071619274,-0.142908504,772.3,
113,9763200,2019-05-06,212.972222,-71.099957,-141.872265,0.212972222,-0.071099957,-0.141872265,766.7,
114,9849600,2019-05-07,214.5,-71.61,-142.89,0.2145,-0.07161,-0.14289,772.2,
115,9936000,2019-05-08,214.527778,-71.619274,-142.908504,0.214527778,-0.071619274,-0.142908504,772.3,
116,10022400,2019-05-09,214.472222,-71.600726,-142.871496,0.214472222,-0.071600726,-0.142871496,772.1,
117,10108800,2019-05-10,214.75,-71.693462,-143.056538,0.21475,-0.071693462,-0.143056538,773.1,
118,10195200,2019-05-11,214.75,-71.693462,-143.056538,0.21475,-0.071693462,-0.143056538,773.1,
119,10281600,2019-05-12,214.194444,-71.507991,-142.686453,0.214194444,-0.071507991,-0.142686453,771.1,
120,10368000,2019-05-13,214.638889,-71.656368,-142.982521,0.214638889,-0.071656368,-0.142982521,772.7,
121,10454400,2019-05-14,213.194444,-71.174145,-142.020299,0.213194444,-0.071174145,-0.142020299,767.5,
122,10540800,2019-05-15,214.75,-71.693462,-143.056538,0.21475,-0.071693462,-0.143056538,773.1,
123,10627200,2019-05-16,214.75,-71.693462,-143.056538,0.21475,-0.071693462,-0.143056538,773.1,
124,10713600,2019-05-17,214.472222,-71.600726,-142.871496,0.214472222,-0.071600726,-0.142871496,772.1,
125,10800000,2019-05-18,214.694444,-71.674915,-143.01953,0.214694444,-0.071674915,-0.14301953,772.9,
126,10886400,2019-05-19,214.75,-71.693462,-143.056538,0.21475,-0.071693462,-0.143056538,773.1,
127,10972800,2019-05-20,214.694444,-71.674915,-143.01953,0.214694444,-0.071674915,-0.14301953,772.9,
128,11059200,2019-05-21,214.611111,-71.647094,-142.964017,0.214611111,-0.071647094,-0.142964017,772.6,
129,11145600,2019-05-22,214.611111,-71.647094,-142.964017,0.214611111,-0.071647094,-0.142964017,772.6,
130,11232000,2019-05-23,214.611111,-71.647094,-142.964017,0.214611111,-0.071647094,-0.142964017,772.6,
131,11318400,2019-05-24,214.694444,-71.674915,-143.01953,0.214694444,-0.071674915,-0.14301953,772.9,
132,11404800,2019-05-25,214.694444,-71.674915,-143.01953,0.214694444,-0.071674915,-0.14301953,772.9,
133,11491200,2019-05-26,214.722222,-71.684188,-143.038034,0.214722222,-0.071684188,-0.143038034,773.0,
134,11577600,2019-05-27,214.638889,-71.656368,-142.982521,0.214638889,-0.071656368,-0.142982521,772.7,
135,11664000,2019-05-28,214.694444,-71.674915,-143.01953,0.214694444,-0.071674915,-0.14301953,772.9,
136,11750400,2019-05-29,214.583333,-71.637821,-142.945513,0.214583333,-0.071637821,-0.142945513,772.5,
137,11836800,2019-05-30,214.583333,-71.637821,-142.945513,0.214583333,-0.071637821,-0.142945513,772.5,
138,11923200,2019-05-31,214.722222,-71.684188,-143.038034,0.214722222,-0.071684188,-0.143038034,773.0,
139,12009600,2019-06-01,214.666667,-71.665641,-143.001026,0.214666667,-0.071665641,-0.143001026,772.8,
140,12096000,2019-06-02,214.666667,-71.665641,-143.001026,0.214666667,-0.071665641,-0.143001026,772.8,
141,12182400,2019-06-03,214.5,-71.61,-142.89,0.2145,-0.07161,-0.14289,772.2,
142,12268800,2019-06-04,214.638889,-71.656368,-142.982521,0.214638889,-0.071656368,-0.142982521,772.7,
143,12355200,2019-06-05,213.944444,-71.42453,-142.519915,0.213944444,-0.07142453,-0.142519915,770.2,
144,12441600,2019-06-06,214.611111,-71.647094,-142.964017,0.214611111,-0.071647094,-0.142964017,772.6,
145,12528000,2019-06-07,199.777778,-66.695043,-133.082735,0.199777778,-0.066695043,-0.133082735,719.2,
146,12614400,2019-06-08,213.166667,-71.164872,-142.001795,0.213166667,-0.071164872,-0.142001795,767.4,
147,12700800,2019-06-09,213.166667,-71.164872,-142.001795,0.213166667,-0.071164872,-0.142001795,767.4,
148,12787200,2019-06-10,213.166667,-71.164872,-142.001795,0.213166667,-0.071164872,-0.142001795,767.4,
149,12873600,2019-06-11,214.25,-71.526538,-142.723462,0.21425,-0.071526538,-0.142723462,771.3,
150,12960000,2019-06-12,214.25,-71.526538,-142.723462,0.21425,-0.071526538,-0.142723462,771.3,
151,13046400,2019-06-13,214.25,-71.526538,-142.723462,0.21425,-0.071526538,-0.142723462,771.3,
152,13132800,2019-06-14,211.388889,-70.571368,-140.817521,0.211388889,-0.070571368,-0.140817521,761.0,
153,13219200,2019-06-15,212.777778,-71.035043,-141.742735,0.212777778,-0.071035043,-0.141742735,766.0,
154,13305600,2019-06-16,213.805556,-71.378162,-142.427393,0.213805556,-0.071378162,-0.142427393,769.7,
155,13392000,2019-06-17,212.583333,-70.970128,-141.613205,0.212583333,-0.070970128,-0.141613205,765.3,
156,13478400,2019-06-18,216.388889,-72.240598,-144.148291,0.216388889,-0.072240598,-0.144148291,779.0,
157,13564800,2019-06-19,214.444444,-71.591453,-142.852991,0.214444444,-0.071591453,-0.142852991,772.0,
158,13651200,2019-06-20,211.666667,-70.664103,-141.002564,0.211666667,-0.070664103,-0.141002564,762.0,
159,13737600,2019-06-21,214.444444,-71.591453,-142.852991,0.214444444,-0.071591453,-0.142852991,772.0,
160,13824000,2019-06-22,215.555556,-71.962393,-143.593162,0.215555556,-0.071962393,-0.143593162,776.0,
161,13910400,2019-06-23,208.611111,-69.644017,-138.967094,0.208611111,-0.069644017,-0.138967094,751.0,
162,13996800,2019-06-24,214.444444,-71.591453,-142.852991,0.214444444,-0.071591453,-0.142852991,772.0,
163,14083200,2019-06-25,212.777778,-71.035043,-141.742735,0.212777778,-0.071035043,-0.141742735,766.0,
164,14169600,2019-06-26,203.055556,-67.789316,-135.266239,0.203055556,-0.067789316,-0.135266239,731.0,
165,14256000,2019-06-27,214.444444,-71.591453,-142.852991,0.214444444,-0.071591453,-0.142852991,772.0,
166,14342400,2019-06-28,214.444444,-71.591453,-142.852991,0.214444444,-0.071591453,-0.142852991,772.0,
167,14428800,2019-06-29,214.722222,-71.684188,-143.038034,0.214722222,-0.071684188,-0.143038034,773.0,
168,14515200,2019-06-30,203.333333,-67.882051,-135.451282,0.203333333,-0.067882051,-0.135451282,732.0,
169,14601600,2019-07-01,214.22222222222223,-71.517265,-142.7049573,0.21422222222222223,-0.071517265,-0.1427049573,771.2,corrected obvious decimal typo: Reinj_Q_tph_avg 7712.0 -> 771.2 for OGS simulation
170,14688000,2019-07-02,214.25,-71.526538,-142.723462,0.21425,-0.071526538,-0.142723462,771.3,
171,14774400,2019-07-03,214.527778,-71.619274,-142.908504,0.214527778,-0.071619274,-0.142908504,772.3,
172,14860800,2019-07-04,203.333333,-67.882051,-135.451282,0.203333333,-0.067882051,-0.135451282,732.0,
173,14947200,2019-07-05,214.444444,-71.591453,-142.852991,0.214444444,-0.071591453,-0.142852991,772.0,
174,15033600,2019-07-06,214.222222,-71.517265,-142.704957,0.214222222,-0.071517265,-0.142704957,771.2,
175,15120000,2019-07-07,214.527778,-71.619274,-142.908504,0.214527778,-0.071619274,-0.142908504,772.3,
176,15206400,2019-07-08,214.611111,-71.647094,-142.964017,0.214611111,-0.071647094,-0.142964017,772.6,
177,15292800,2019-07-09,214.75,-71.693462,-143.056538,0.21475,-0.071693462,-0.143056538,773.1,
178,15379200,2019-07-10,214.444444,-71.591453,-142.852991,0.214444444,-0.071591453,-0.142852991,772.0,
179,15465600,2019-07-11,211.666667,-70.664103,-141.002564,0.211666667,-0.070664103,-0.141002564,762.0,
180,15552000,2019-07-12,214.444444,-71.591453,-142.852991,0.214444444,-0.071591453,-0.142852991,772.0,
181,15638400,2019-07-13,215.555556,-71.962393,-143.593162,0.215555556,-0.071962393,-0.143593162,776.0,
182,15724800,2019-07-14,208.611111,-69.644017,-138.967094,0.208611111,-0.069644017,-0.138967094,751.0,
183,15811200,2019-07-15,214.444444,-71.591453,-142.852991,0.214444444,-0.071591453,-0.142852991,772.0,
184,15897600,2019-07-16,212.777778,-71.035043,-141.742735,0.212777778,-0.071035043,-0.141742735,766.0,
185,15984000,2019-07-17,203.055556,-67.789316,-135.266239,0.203055556,-0.067789316,-0.135266239,731.0,
186,16070400,2019-07-18,214.444444,-71.591453,-142.852991,0.214444444,-0.071591453,-0.142852991,772.0,
187,16156800,2019-07-19,214.444444,-71.591453,-142.852991,0.214444444,-0.071591453,-0.142852991,772.0,
188,16243200,2019-07-20,214.722222,-71.684188,-143.038034,0.214722222,-0.071684188,-0.143038034,773.0,
189,16329600,2019-07-21,203.333333,-67.882051,-135.451282,0.203333333,-0.067882051,-0.135451282,732.0,
190,16416000,2019-07-22,214.222222,-71.517265,-142.704957,0.214222222,-0.071517265,-0.142704957,771.2,
191,16502400,2019-07-23,214.25,-71.526538,-142.723462,0.21425,-0.071526538,-0.142723462,771.3,
192,16588800,2019-07-24,214.527778,-71.619274,-142.908504,0.214527778,-0.071619274,-0.142908504,772.3,
193,16675200,2019-07-25,203.333333,-67.882051,-135.451282,0.203333333,-0.067882051,-0.135451282,732.0,
194,16761600,2019-07-26,214.444444,-71.591453,-142.852991,0.214444444,-0.071591453,-0.142852991,772.0,
195,16848000,2019-07-27,214.222222,-71.517265,-142.704957,0.214222222,-0.071517265,-0.142704957,771.2,
196,16934400,2019-07-28,214.527778,-71.619274,-142.908504,0.214527778,-0.071619274,-0.142908504,772.3,
197,17020800,2019-07-29,214.611111,-71.647094,-142.964017,0.214611111,-0.071647094,-0.142964017,772.6,
198,17107200,2019-07-30,214.75,-71.693462,-143.056538,0.21475,-0.071693462,-0.143056538,773.1,
199,17193600,2019-07-31,214.444444,-71.591453,-142.852991,0.214444444,-0.071591453,-0.142852991,772.0,
