case_id,is_baseline,is_informed,k1_m2,k5_m2,k12_m2,k9_m2,random_seed
baseline_000,True,False,8.55527025293163e-09,9.751692494468547e-11,1.0935842852282497e-11,2e-11,20260720
informed_001,False,True,8.55527025293163e-09,9.751692494468547e-11,1.0935842852282497e-11,8.741659411746023e-11,20260720
joint_001,False,False,1.3336825893716289e-08,1.203026858061456e-10,3.3653633245881715e-12,3.266378020551831e-11,20260720
joint_002,False,False,7.234003576823443e-09,8.124428640607523e-11,4.641889470771153e-12,8.523337116213707e-11,20260720
joint_003,False,False,1.8311694848160775e-08,1.2630351731164637e-10,5.25682361413143e-12,5.1713201151934584e-11,20260720
joint_004,False,False,9.884089650100487e-09,9.815957946718991e-11,7.810045150908674e-12,2.4818721668013427e-11,20260720
joint_005,False,False,7.465341189970669e-09,1.371409272475304e-10,3.882465731923164e-12,1.2554126100496738e-11,20260720
joint_006,False,False,7.831393354906076e-09,8.499318954666514e-11,9.27068719398016e-12,1.0742461052717352e-11,20260720
joint_007,False,False,1.5209828758246964e-08,7.568789173098446e-11,4.327050563379562e-12,2.6185569541323798e-11,20260720
joint_008,False,False,8.657507158138132e-09,7.984607070122808e-11,2.5970701723443617e-12,1.7151117882569717e-11,20260720
joint_009,False,False,1.1568150542843664e-08,1.193545793934269e-10,4.05212439767497e-12,4.759017046904439e-11,20260720
joint_010,False,False,1.492012279134367e-08,8.42180900628669e-11,1.0034384290790026e-11,1.0135624116119993e-11,20260720
joint_011,False,False,1.2587156676684433e-08,1.1676591001894055e-10,7.375550306838399e-12,3.822595474296587e-11,20260720
joint_012,False,False,1.3882576336521432e-08,9.040701779579802e-11,1.197595343541235e-11,2.4379576884298576e-11,20260720
joint_013,False,False,1.106437977570344e-08,1.0659358695092083e-10,2.263469259981804e-12,1.6106247632662385e-11,20260720
joint_014,False,False,7.197627654754808e-09,1.0567756848031242e-10,6.447401884063931e-12,6.441090760142085e-11,20260720
joint_015,False,False,1.2123524808173316e-08,1.2858084420087037e-10,5.983397748417321e-12,2.168830436172715e-11,20260720
joint_016,False,False,8.492211434500253e-09,8.732238488860153e-11,2.0042016604752776e-12,1.9027994203184784e-11,20260720
joint_017,False,False,1.6021231464888116e-08,1.0001617053162626e-10,2.2031272345421158e-12,7.898680453502288e-11,20260720
joint_018,False,False,9.257872001520187e-09,1.319592984380584e-10,1.1408210867402435e-11,1.8258080775278412e-11,20260720
joint_019,False,False,8.213430766813043e-09,1.1125488481137965e-10,5.872835746082216e-12,2.1258885301358443e-11,20260720
joint_020,False,False,1.2965952110625806e-08,1.2393544375873113e-10,2.360823779737496e-12,9.864867296894664e-11,20260720
joint_021,False,False,9.001825261486825e-09,1.094363244342991e-10,5.652181290406838e-12,1.2979117450988975e-11,20260720
joint_022,False,False,1.0003467124935194e-08,9.45863559203113e-11,4.941057192366205e-12,7.446442991065408e-11,20260720
joint_023,False,False,1.582898345158678e-08,7.882312771067982e-11,3.51747318574068e-12,1.1868118345830025e-11,20260720
joint_024,False,False,7.980622969091959e-09,1.2497637656418217e-10,2.7342814771451725e-12,4.6053256337292295e-11,20260720
joint_025,False,False,1.8984759485362247e-08,1.330188366837568e-10,8.869022162666967e-12,3.4090019615908066e-11,20260720
joint_026,False,False,1.9765397996290297e-08,9.722995088938311e-11,3.697784472474829e-12,9.368578164089911e-11,20260720
joint_027,False,False,1.0709135440957815e-08,8.843052835224979e-11,2.5369293462993783e-12,5.383150758042999e-11,20260720
joint_028,False,False,1.8461932487529346e-08,8.180937952012373e-11,3.078066526857079e-12,1.5322373766252203e-11,20260720
joint_029,False,False,1.0382120581333909e-08,1.0297149124039968e-10,9.475441791329736e-12,3.0378730525001744e-11,20260720
joint_030,False,False,1.7722420153240214e-08,7.650811974004856e-11,4.7235103148166285e-12,2.798245612538895e-11,20260720
joint_031,False,False,1.2481784243236864e-08,1.146231690444078e-10,6.891802847597199e-12,6.070353682954963e-11,20260720
joint_032,False,False,9.554224501856646e-09,1.0133703613928862e-10,2.887007451807084e-12,3.883308202027928e-11,20260720
joint_033,False,False,1.7064704065417482e-08,9.202456462404525e-11,7.279958751108766e-12,1.3978997096443333e-11,20260720
joint_034,False,False,1.6351214914535885e-08,9.287446112439454e-11,8.294811197436711e-12,7.107109321179981e-11,20260720
joint_035,False,False,1.4123192602576107e-08,1.3926863938069173e-10,3.1910010486443845e-12,5.6556387026865816e-11,20260720
joint_036,False,False,1.1253649922412813e-08,1.1302197150450475e-10,1.0723624425471943e-11,4.214367952793449e-11,20260720
