Date,time_days_from_20190113,well,point_label,bulk_node_id,extract_location,extract_id,sim_delta_h_m,obs_delta_h_m,residual_sim_minus_obs_m
2019-01-14,1.0,SC211,SC211 | lowres_midpoint | MID12 | 276.0 m,34705,point,34705,0.0,0.0,0.0
2019-02-23,41.0,SC211,SC211 | lowres_midpoint | MID12 | 276.0 m,34705,point,34705,-7.346555851282574,-5.25,-2.0965558512825737
2019-02-28,46.0,SC211,SC211 | lowres_midpoint | MID12 | 276.0 m,34705,point,34705,-8.972644339352883,-8.4,-0.5726443393528822
2019-03-07,53.0,SC211,SC211 | lowres_midpoint | MID12 | 276.0 m,34705,point,34705,-9.295842628183891,-12.59,3.294157371816109
2019-03-11,57.0,SC211,SC211 | lowres_midpoint | MID12 | 276.0 m,34705,point,34705,-10.180124674395302,-13.65,3.469875325604699
2019-03-14,60.0,SC211,SC211 | lowres_midpoint | MID12 | 276.0 m,34705,point,34705,-8.875470333041449,-9.45,0.5745296669585507
2019-03-18,64.0,SC211,SC211 | lowres_midpoint | MID12 | 276.0 m,34705,point,34705,-10.882640423713383,-8.4,-2.4826404237133826
2019-03-21,67.0,SC211,SC211 | lowres_midpoint | MID12 | 276.0 m,34705,point,34705,-11.513157821388631,-13.65,2.136842178611369
2019-03-25,71.0,SC211,SC211 | lowres_midpoint | MID12 | 276.0 m,34705,point,34705,-11.708335116404669,-24.58,12.87166488359533
2019-03-28,74.0,SC211,SC211 | lowres_midpoint | MID12 | 276.0 m,34705,point,34705,-12.12078250223476,-24.59,12.46921749776524
2019-04-02,79.0,SC211,SC211 | lowres_midpoint | MID12 | 276.0 m,34705,point,34705,-12.238738270742942,-24.61,12.371261729257057
2019-04-09,86.0,SC211,SC211 | lowres_midpoint | MID12 | 276.0 m,34705,point,34705,-11.82060902448211,-24.55,12.729390975517891
2019-04-17,94.0,SC211,SC211 | lowres_midpoint | MID12 | 276.0 m,34705,point,34705,-12.292463789332032,-8.2,-4.092463789332033
2019-04-23,100.0,SC211,SC211 | lowres_midpoint | MID12 | 276.0 m,34705,point,34705,-12.262426149130988,-29.08,16.81757385086901
2019-04-29,106.0,SC211,SC211 | lowres_midpoint | MID12 | 276.0 m,34705,point,34705,-12.154748006144473,-29.98,17.825251993855527
2019-05-08,115.0,SC211,SC211 | lowres_midpoint | MID12 | 276.0 m,34705,point,34705,-12.293854398462827,-25.75,13.456145601537173
2019-05-16,123.0,SC211,SC211 | lowres_midpoint | MID12 | 276.0 m,34705,point,34705,-12.3164081470577,-26.36,14.0435918529423
2019-05-23,130.0,SC211,SC211 | lowres_midpoint | MID12 | 276.0 m,34705,point,34705,-12.309366248005972,-25.07,12.760633751994028
2019-05-29,136.0,SC211,SC211 | lowres_midpoint | MID12 | 276.0 m,34705,point,34705,-12.309655649847628,-27.29,14.980344350152372
2019-06-05,143.0,SC211,SC211 | lowres_midpoint | MID12 | 276.0 m,34705,point,34705,-12.263111879790813,-26.34,14.076888120209187
2019-06-12,150.0,SC211,SC211 | lowres_midpoint | MID12 | 276.0 m,34705,point,34705,-12.28161472157808,-28.36,16.07838527842192
2019-06-19,157.0,SC211,SC211 | lowres_midpoint | MID12 | 276.0 m,34705,point,34705,-12.311401314580507,-28.41,16.098598685419493
2019-06-27,165.0,SC211,SC211 | lowres_midpoint | MID12 | 276.0 m,34705,point,34705,-12.22409470898674,-27.16,14.93590529101326
2019-07-02,170.0,SC211,SC211 | lowres_midpoint | MID12 | 276.0 m,34705,point,34705,-12.272958019234466,-27.16,14.887041980765535
2019-07-05,173.0,SC211,SC211 | lowres_midpoint | MID12 | 276.0 m,34705,point,34705,-12.228755841181737,-27.26,15.031244158818264
2019-07-09,177.0,SC211,SC211 | lowres_midpoint | MID12 | 276.0 m,34705,point,34705,-12.327041063518664,-25.86,13.532958936481336
2019-07-12,180.0,SC211,SC211 | lowres_midpoint | MID12 | 276.0 m,34705,point,34705,-12.285533573342946,-27.11,14.824466426657054
2019-07-16,184.0,SC211,SC211 | lowres_midpoint | MID12 | 276.0 m,34705,point,34705,-12.173007256473284,-24.76,12.586992743526718
2019-07-19,187.0,SC211,SC211 | lowres_midpoint | MID12 | 276.0 m,34705,point,34705,-12.289973123853088,-24.46,12.170026876146913
2019-07-22,190.0,SC211,SC211 | lowres_midpoint | MID12 | 276.0 m,34705,point,34705,-12.214189084099417,-24.96,12.745810915900584
2019-07-24,192.0,SC211,SC211 | lowres_midpoint | MID12 | 276.0 m,34705,point,34705,-12.306309686319764,-23.96,11.653690313680237
2019-07-29,197.0,SC211,SC211 | lowres_midpoint | MID12 | 276.0 m,34705,point,34705,-12.316971636192648,-25.76,13.443028363807354
2019-01-14,1.0,ZK204,ZK204 | exact_fault | MID3 | 800.3 m,10852,point,10852,0.0,0.0,0.0
2019-02-23,41.0,ZK204,ZK204 | exact_fault | MID3 | 800.3 m,10852,point,10852,-0.054422528788563795,-0.22,0.1655774712114362
2019-02-28,46.0,ZK204,ZK204 | exact_fault | MID3 | 800.3 m,10852,point,10852,-0.07718372924409778,0.71,-0.7871837292440977
2019-03-07,53.0,ZK204,ZK204 | exact_fault | MID3 | 800.3 m,10852,point,10852,-0.11053892011932476,-0.83,0.7194610798806752
2019-03-11,57.0,ZK204,ZK204 | exact_fault | MID3 | 800.3 m,10852,point,10852,-0.1268349768806729,-0.31,0.1831650231193271
2019-03-14,60.0,ZK204,ZK204 | exact_fault | MID3 | 800.3 m,10852,point,10852,-0.1382423662180372,-1.25,1.1117576337819628
2019-03-18,64.0,ZK204,ZK204 | exact_fault | MID3 | 800.3 m,10852,point,10852,-0.15245052107002266,-0.31,0.15754947892997734
2019-03-21,67.0,ZK204,ZK204 | exact_fault | MID3 | 800.3 m,10852,point,10852,-0.16320869365517865,-0.08,-0.08320869365517865
2019-03-25,71.0,ZK204,ZK204 | exact_fault | MID3 | 800.3 m,10852,point,10852,-0.17711950320062897,1.02,-1.197119503200629
2019-03-28,74.0,ZK204,ZK204 | exact_fault | MID3 | 800.3 m,10852,point,10852,-0.1872986570433568,-0.08,-0.1072986570433568
2019-04-02,79.0,ZK204,ZK204 | exact_fault | MID3 | 800.3 m,10852,point,10852,-0.20504097339289729,-0.61,0.4049590266071027
2019-04-09,86.0,ZK204,ZK204 | exact_fault | MID3 | 800.3 m,10852,point,10852,-0.22975281704111694,-1.03,0.8002471829588831
2019-04-17,94.0,ZK204,ZK204 | exact_fault | MID3 | 800.3 m,10852,point,10852,-0.2593786104907849,1.16,-1.4193786104907848
2019-04-23,100.0,ZK204,ZK204 | exact_fault | MID3 | 800.3 m,10852,point,10852,-0.27911806365318625,2.19,-2.469118063653186
2019-04-29,106.0,ZK204,ZK204 | exact_fault | MID3 | 800.3 m,10852,point,10852,-0.296743511038585,0.13,-0.426743511038585
2019-05-08,115.0,ZK204,ZK204 | exact_fault | MID3 | 800.3 m,10852,point,10852,-0.3241201366408859,2.19,-2.514120136640886
2019-05-16,123.0,ZK204,ZK204 | exact_fault | MID3 | 800.3 m,10852,point,10852,-0.3471411102473212,2.19,-2.537141110247321
2019-05-23,130.0,ZK204,ZK204 | exact_fault | MID3 | 800.3 m,10852,point,10852,-0.36654440992515447,-0.89,0.5234555900748455
2019-05-29,136.0,ZK204,ZK204 | exact_fault | MID3 | 800.3 m,10852,point,10852,-0.3826867901798323,0.13,-0.5126867901798323
2019-06-05,143.0,ZK204,ZK204 | exact_fault | MID3 | 800.3 m,10852,point,10852,-0.4008379947463254,0.11,-0.5108379947463254
2019-06-12,150.0,ZK204,ZK204 | exact_fault | MID3 | 800.3 m,10852,point,10852,-0.4182181083733667,0.13,-0.5482181083733667
2019-06-19,157.0,ZK204,ZK204 | exact_fault | MID3 | 800.3 m,10852,point,10852,-0.4347497568378458,0.11,-0.5447497568378458
2019-06-27,165.0,ZK204,ZK204 | exact_fault | MID3 | 800.3 m,10852,point,10852,-0.4522361829440342,0.13,-0.5822361829440342
2019-07-02,170.0,ZK204,ZK204 | exact_fault | MID3 | 800.3 m,10852,point,10852,-0.46282120489013323,-0.89,0.4271787951098668
2019-07-05,173.0,ZK204,ZK204 | exact_fault | MID3 | 800.3 m,10852,point,10852,-0.46899215199937316,-0.89,0.42100784800062685
2019-07-09,177.0,ZK204,ZK204 | exact_fault | MID3 | 800.3 m,10852,point,10852,-0.4770021108424771,6.3,-6.777002110842477
2019-07-12,180.0,ZK204,ZK204 | exact_fault | MID3 | 800.3 m,10852,point,10852,-0.4827408925511918,5.28,-5.762740892551192
2019-07-16,184.0,ZK204,ZK204 | exact_fault | MID3 | 800.3 m,10852,point,10852,-0.4901070945634274,5.28,-5.770107094563428
2019-07-19,187.0,ZK204,ZK204 | exact_fault | MID3 | 800.3 m,10852,point,10852,-0.49549801048851805,0.13,-0.625498010488518
2019-07-22,190.0,ZK204,ZK204 | exact_fault | MID3 | 800.3 m,10852,point,10852,-0.5009824266944634,1.16,-1.6609824266944633
2019-07-24,192.0,ZK204,ZK204 | exact_fault | MID3 | 800.3 m,10852,point,10852,-0.5045635298638445,3.22,-3.7245635298638446
2019-07-29,197.0,ZK204,ZK204 | exact_fault | MID3 | 800.3 m,10852,point,10852,-0.5132882882080594,0.13,-0.6432882882080594
2019-01-14,1.0,ZK206,ZK206 | exact_fault | MID4 | 695.2 m,2405,point,2405,0.0,0.0,0.0
2019-02-23,41.0,ZK206,ZK206 | exact_fault | MID4 | 695.2 m,2405,point,2405,-0.6430971526597205,-7.08,6.43690284734028
2019-02-28,46.0,ZK206,ZK206 | exact_fault | MID4 | 695.2 m,2405,point,2405,-0.7982235620129359,-4.87,4.071776437987064
2019-03-07,53.0,ZK206,ZK206 | exact_fault | MID4 | 695.2 m,2405,point,2405,-0.823554127200623,-4.87,4.046445872799377
2019-03-11,57.0,ZK206,ZK206 | exact_fault | MID4 | 695.2 m,2405,point,2405,-0.8910510054092811,-6.05,5.158948994590719
2019-03-14,60.0,ZK206,ZK206 | exact_fault | MID4 | 695.2 m,2405,point,2405,-0.7887784085305611,-3.84,3.0512215914694387
2019-03-18,64.0,ZK206,ZK206 | exact_fault | MID4 | 695.2 m,2405,point,2405,-0.9589788691610011,-7.08,6.121021130838999
2019-03-21,67.0,ZK206,ZK206 | exact_fault | MID4 | 695.2 m,2405,point,2405,-1.0139300213613751,-3.07,2.0560699786386247
2019-03-25,71.0,ZK206,ZK206 | exact_fault | MID4 | 695.2 m,2405,point,2405,-1.0352536489999693,-4.11,3.074746351000031
2019-03-28,74.0,ZK206,ZK206 | exact_fault | MID4 | 695.2 m,2405,point,2405,-1.0742176910516719,-3.89,2.8157823089483283
2019-04-02,79.0,ZK206,ZK206 | exact_fault | MID4 | 695.2 m,2405,point,2405,-1.0842128143312948,-1.56,0.47578718566870526
2019-04-09,86.0,ZK206,ZK206 | exact_fault | MID4 | 695.2 m,2405,point,2405,-1.0516328114654243,-16.2,15.148367188534575
2019-04-17,94.0,ZK206,ZK206 | exact_fault | MID4 | 695.2 m,2405,point,2405,-1.089005925852689,-2.61,1.520994074147311
2019-04-23,100.0,ZK206,ZK206 | exact_fault | MID4 | 695.2 m,2405,point,2405,-1.091777967470989,-8.66,7.568222032529011
2019-04-29,106.0,ZK206,ZK206 | exact_fault | MID4 | 695.2 m,2405,point,2405,-1.0855551504810137,-5.23,4.144444849518987
2019-05-08,115.0,ZK206,ZK206 | exact_fault | MID4 | 695.2 m,2405,point,2405,-1.0988416825030072,-13.99,12.891158317496993
2019-05-16,123.0,ZK206,ZK206 | exact_fault | MID4 | 695.2 m,2405,point,2405,-1.1032350085424696,-9.11,8.00676499145753
2019-05-23,130.0,ZK206,ZK206 | exact_fault | MID4 | 695.2 m,2405,point,2405,-1.104229272309567,-9.11,8.005770727690432
2019-05-29,136.0,ZK206,ZK206 | exact_fault | MID4 | 695.2 m,2405,point,2405,-1.1053794456993273,-9.48,8.374620554300673
2019-06-05,143.0,ZK206,ZK206 | exact_fault | MID4 | 695.2 m,2405,point,2405,-1.1025698306275444,-11.58,10.477430169372456
2019-06-12,150.0,ZK206,ZK206 | exact_fault | MID4 | 695.2 m,2405,point,2405,-1.1045926995848276,-8.66,7.5554073004151725
2019-06-19,157.0,ZK206,ZK206 | exact_fault | MID4 | 695.2 m,2405,point,2405,-1.1076230152439166,-8.17,7.062376984756083
2019-06-27,165.0,ZK206,ZK206 | exact_fault | MID4 | 695.2 m,2405,point,2405,-1.1042153354228503,-9.94,8.83578466457715
2019-07-02,170.0,ZK206,ZK206 | exact_fault | MID4 | 695.2 m,2405,point,2405,-1.106075689633144,-8.28,7.173924310366855
2019-07-05,173.0,ZK206,ZK206 | exact_fault | MID4 | 695.2 m,2405,point,2405,-1.1049046892976548,-1.56,0.4550953107023452
2019-07-09,177.0,ZK206,ZK206 | exact_fault | MID4 | 695.2 m,2405,point,2405,-1.1107720330710436,-1.31,0.1992279669289565
2019-07-12,180.0,ZK206,ZK206 | exact_fault | MID4 | 695.2 m,2405,point,2405,-1.1084619378934804,-1.05,-0.05846193789348031
2019-07-16,184.0,ZK206,ZK206 | exact_fault | MID4 | 695.2 m,2405,point,2405,-1.0986064596272627,-0.19,-0.9086064596272627
2019-07-19,187.0,ZK206,ZK206 | exact_fault | MID4 | 695.2 m,2405,point,2405,-1.1086217985939584,-1.31,0.20137820140604168
2019-07-22,190.0,ZK206,ZK206 | exact_fault | MID4 | 695.2 m,2405,point,2405,-1.1047448797799007,-1.31,0.2052551202200994
2019-07-24,192.0,ZK206,ZK206 | exact_fault | MID4 | 695.2 m,2405,point,2405,-1.1097679003478333,-1.05,-0.0597679003478333
2019-07-29,197.0,ZK206,ZK206 | exact_fault | MID4 | 695.2 m,2405,point,2405,-1.110911114825285,-1.05,-0.060911114825284995
2019-01-14,1.0,ZK206,ZK206 | exact_fault | MID10 | 745.6 m,2964,point,2964,0.0,0.0,0.0
2019-02-23,41.0,ZK206,ZK206 | exact_fault | MID10 | 745.6 m,2964,point,2964,-0.6406508575482803,-7.08,6.43934914245172
2019-02-28,46.0,ZK206,ZK206 | exact_fault | MID10 | 745.6 m,2964,point,2964,-0.7952518981192043,-4.87,4.074748101880796
2019-03-07,53.0,ZK206,ZK206 | exact_fault | MID10 | 745.6 m,2964,point,2964,-0.8204776173197388,-4.87,4.049522382680261
2019-03-11,57.0,ZK206,ZK206 | exact_fault | MID10 | 745.6 m,2964,point,2964,-0.8876656357488173,-6.05,5.1623343642511825
2019-03-14,60.0,ZK206,ZK206 | exact_fault | MID10 | 745.6 m,2964,point,2964,-0.7858446184000059,-3.84,3.054155381599994
2019-03-18,64.0,ZK206,ZK206 | exact_fault | MID10 | 745.6 m,2964,point,2964,-0.9553722799200841,-7.08,6.124627720079916
2019-03-21,67.0,ZK206,ZK206 | exact_fault | MID10 | 745.6 m,2964,point,2964,-1.0101106269194133,-3.07,2.0598893730805865
2019-03-25,71.0,ZK206,ZK206 | exact_fault | MID10 | 745.6 m,2964,point,2964,-1.0313745001421921,-4.11,3.078625499857808
2019-03-28,74.0,ZK206,ZK206 | exact_fault | MID10 | 745.6 m,2964,point,2964,-1.070204088950959,-3.89,2.819795911049041
2019-04-02,79.0,ZK206,ZK206 | exact_fault | MID10 | 745.6 m,2964,point,2964,-1.0801596560222606,-1.56,0.47984034397773945
2019-04-09,86.0,ZK206,ZK206 | exact_fault | MID10 | 745.6 m,2964,point,2964,-1.0477216321723972,-16.2,15.152278367827602
2019-04-17,94.0,ZK206,ZK206 | exact_fault | MID10 | 745.6 m,2964,point,2964,-1.0849338524703853,-2.61,1.5250661475296146
2019-04-23,100.0,ZK206,ZK206 | exact_fault | MID10 | 745.6 m,2964,point,2964,-1.0877188133526943,-8.66,7.572281186647306
2019-04-29,106.0,ZK206,ZK206 | exact_fault | MID10 | 745.6 m,2964,point,2964,-1.0815344578904842,-5.23,4.148465542109516
2019-05-08,115.0,ZK206,ZK206 | exact_fault | MID10 | 745.6 m,2964,point,2964,-1.09477460144808,-13.99,12.89522539855192
2019-05-16,123.0,ZK206,ZK206 | exact_fault | MID10 | 745.6 m,2964,point,2964,-1.0991619261903907,-9.11,8.010838073809609
2019-05-23,130.0,ZK206,ZK206 | exact_fault | MID10 | 745.6 m,2964,point,2964,-1.1001600234440048,-9.11,8.009839976555995
2019-05-29,136.0,ZK206,ZK206 | exact_fault | MID10 | 745.6 m,2964,point,2964,-1.1013108402039506,-9.48,8.37868915979605
2019-06-05,143.0,ZK206,ZK206 | exact_fault | MID10 | 745.6 m,2964,point,2964,-1.0985175979740234,-11.58,10.481482402025977
2019-06-12,150.0,ZK206,ZK206 | exact_fault | MID10 | 745.6 m,2964,point,2964,-1.1005342279595425,-8.66,7.559465772040458
2019-06-19,157.0,ZK206,ZK206 | exact_fault | MID10 | 745.6 m,2964,point,2964,-1.1035543459283872,-8.17,7.066445654071613
2019-06-27,165.0,ZK206,ZK206 | exact_fault | MID10 | 745.6 m,2964,point,2964,-1.1001815512872781,-9.94,8.839818448712721
2019-07-02,170.0,ZK206,ZK206 | exact_fault | MID10 | 745.6 m,2964,point,2964,-1.1020192519090415,-8.28,7.177980748090958
2019-07-05,173.0,ZK206,ZK206 | exact_fault | MID10 | 745.6 m,2964,point,2964,-1.1008700950251296,-1.56,0.4591299049748705
2019-07-09,177.0,ZK206,ZK206 | exact_fault | MID10 | 745.6 m,2964,point,2964,-1.1067005121085458,-1.31,0.20329948789145424
2019-07-12,180.0,ZK206,ZK206 | exact_fault | MID10 | 745.6 m,2964,point,2964,-1.1044058142142603,-1.05,-0.05440581421426027
2019-07-16,184.0,ZK206,ZK206 | exact_fault | MID10 | 745.6 m,2964,point,2964,-1.094585876758174,-0.19,-0.904585876758174
2019-07-19,187.0,ZK206,ZK206 | exact_fault | MID10 | 745.6 m,2964,point,2964,-1.1045603821876284,-1.31,0.20543961781237163
2019-07-22,190.0,ZK206,ZK206 | exact_fault | MID10 | 745.6 m,2964,point,2964,-1.1007162327086917,-1.31,0.20928376729130838
2019-07-24,192.0,ZK206,ZK206 | exact_fault | MID10 | 745.6 m,2964,point,2964,-1.1057033945098738,-1.05,-0.055703394509873716
2019-07-29,197.0,ZK206,ZK206 | exact_fault | MID10 | 745.6 m,2964,point,2964,-1.1068438251049884,-1.05,-0.05684382510498831
2019-01-14,1.0,ZK207,ZK207 | exact_fault | MID9 | 40.1 m,5852,point,5852,0.0,0.0,0.0
2019-02-23,41.0,ZK207,ZK207 | exact_fault | MID9 | 40.1 m,5852,point,5852,-4.396288299412845,-7.17,2.773711700587155
2019-02-28,46.0,ZK207,ZK207 | exact_fault | MID9 | 40.1 m,5852,point,5852,-5.086702267968576,-10.17,5.083297732031424
2019-03-07,53.0,ZK207,ZK207 | exact_fault | MID9 | 40.1 m,5852,point,5852,-5.33070282929657,-14.46,9.129297170703431
2019-03-11,57.0,ZK207,ZK207 | exact_fault | MID9 | 40.1 m,5852,point,5852,-5.8804683868784196,-15.57,9.68953161312158
2019-03-14,60.0,ZK207,ZK207 | exact_fault | MID9 | 40.1 m,5852,point,5852,-5.165358752562497,-17.64,12.474641247437503
2019-03-18,64.0,ZK207,ZK207 | exact_fault | MID9 | 40.1 m,5852,point,5852,-6.234862176305796,-19.72,13.485137823694203
2019-03-21,67.0,ZK207,ZK207 | exact_fault | MID9 | 40.1 m,5852,point,5852,-6.580384029428387,-22.83,16.24961597057161
2019-03-25,71.0,ZK207,ZK207 | exact_fault | MID9 | 40.1 m,5852,point,5852,-6.678761885064887,-22.83,16.15123811493511
2019-03-28,74.0,ZK207,ZK207 | exact_fault | MID9 | 40.1 m,5852,point,5852,-6.877521033776247,-21.79,14.912478966223752
2019-04-02,79.0,ZK207,ZK207 | exact_fault | MID9 | 40.1 m,5852,point,5852,-6.9706270219321596,-20.76,13.789372978067842
2019-04-09,86.0,ZK207,ZK207 | exact_fault | MID9 | 40.1 m,5852,point,5852,-6.7648804960754205,-23.87,17.10511950392458
2019-04-17,94.0,ZK207,ZK207 | exact_fault | MID9 | 40.1 m,5852,point,5852,-7.016331243983586,-28.02,21.003668756016413
2019-04-23,100.0,ZK207,ZK207 | exact_fault | MID9 | 40.1 m,5852,point,5852,-7.005479336196004,-25.95,18.944520663803996
2019-04-29,106.0,ZK207,ZK207 | exact_fault | MID9 | 40.1 m,5852,point,5852,-6.947655920684156,-29.06,22.112344079315843
2019-05-08,115.0,ZK207,ZK207 | exact_fault | MID9 | 40.1 m,5852,point,5852,-7.024198569188229,-26.98,19.95580143081177
2019-05-16,123.0,ZK207,ZK207 | exact_fault | MID9 | 40.1 m,5852,point,5852,-7.0383789487614195,-26.98,19.94162105123858
2019-05-23,130.0,ZK207,ZK207 | exact_fault | MID9 | 40.1 m,5852,point,5852,-7.036222778077899,-22.83,15.793777221922099
2019-05-29,136.0,ZK207,ZK207 | exact_fault | MID9 | 40.1 m,5852,point,5852,-7.037385675371297,-25.95,18.912614324628702
2019-06-05,143.0,ZK207,ZK207 | exact_fault | MID9 | 40.1 m,5852,point,5852,-7.01382994121559,-26.98,19.96617005878441
2019-06-12,150.0,ZK207,ZK207 | exact_fault | MID9 | 40.1 m,5852,point,5852,-7.022106309390438,-28.02,20.997893690609562
2019-06-19,157.0,ZK207,ZK207 | exact_fault | MID9 | 40.1 m,5852,point,5852,-7.042490434266256,-25.95,18.907509565733744
2019-06-27,165.0,ZK207,ZK207 | exact_fault | MID9 | 40.1 m,5852,point,5852,-6.970580330520534,-26.98,20.009419669479467
2019-07-02,170.0,ZK207,ZK207 | exact_fault | MID9 | 40.1 m,5852,point,5852,-7.014910866600985,-28.02,21.005089133399014
2019-07-05,173.0,ZK207,ZK207 | exact_fault | MID9 | 40.1 m,5852,point,5852,-6.974653299953388,-28.02,21.04534670004661
2019-07-09,177.0,ZK207,ZK207 | exact_fault | MID9 | 40.1 m,5852,point,5852,-7.048922698122624,-28.02,20.971077301877376
2019-07-12,180.0,ZK207,ZK207 | exact_fault | MID9 | 40.1 m,5852,point,5852,-7.021756478652605,-28.02,20.998243521347394
2019-07-16,184.0,ZK207,ZK207 | exact_fault | MID9 | 40.1 m,5852,point,5852,-6.966668851405302,-28.02,21.053331148594697
2019-07-19,187.0,ZK207,ZK207 | exact_fault | MID9 | 40.1 m,5852,point,5852,-7.02478009306833,-28.02,20.99521990693167
2019-07-22,190.0,ZK207,ZK207 | exact_fault | MID9 | 40.1 m,5852,point,5852,-6.968014382145157,-28.02,21.051985617854843
2019-07-24,192.0,ZK207,ZK207 | exact_fault | MID9 | 40.1 m,5852,point,5852,-7.036903159832946,-27.95,20.913096840167054
2019-07-29,197.0,ZK207,ZK207 | exact_fault | MID9 | 40.1 m,5852,point,5852,-7.044016397367159,-27.99,20.94598360263284
2019-01-14,1.0,ZK207,ZK207 | lowres_midpoint | MID12 | 236.8 m,5940,point,5940,0.0,0.0,0.0
2019-02-23,41.0,ZK207,ZK207 | lowres_midpoint | MID12 | 236.8 m,5940,point,5940,-4.815058691301601,-7.17,2.3549413086983986
2019-02-28,46.0,ZK207,ZK207 | lowres_midpoint | MID12 | 236.8 m,5940,point,5940,-5.601551102678968,-10.17,4.568448897321032
2019-03-07,53.0,ZK207,ZK207 | lowres_midpoint | MID12 | 236.8 m,5940,point,5940,-5.863517682953898,-14.46,8.596482317046103
2019-03-11,57.0,ZK207,ZK207 | lowres_midpoint | MID12 | 236.8 m,5940,point,5940,-6.464057375041193,-15.57,9.105942624958807
2019-03-14,60.0,ZK207,ZK207 | lowres_midpoint | MID12 | 236.8 m,5940,point,5940,-5.6727832072347155,-17.64,11.967216792765285
2019-03-18,64.0,ZK207,ZK207 | lowres_midpoint | MID12 | 236.8 m,5940,point,5940,-6.859105078333414,-19.72,12.860894921666585
2019-03-21,67.0,ZK207,ZK207 | lowres_midpoint | MID12 | 236.8 m,5940,point,5940,-7.241057147012725,-22.83,15.588942852987273
2019-03-25,71.0,ZK207,ZK207 | lowres_midpoint | MID12 | 236.8 m,5940,point,5940,-7.350550135258345,-22.83,15.479449864741653
2019-03-28,74.0,ZK207,ZK207 | lowres_midpoint | MID12 | 236.8 m,5940,point,5940,-7.5733403908679975,-21.79,14.216659609132002
2019-04-02,79.0,ZK207,ZK207 | lowres_midpoint | MID12 | 236.8 m,5940,point,5940,-7.6728498392067195,-20.76,13.087150160793282
2019-04-09,86.0,ZK207,ZK207 | lowres_midpoint | MID12 | 236.8 m,5940,point,5940,-7.442284352014212,-23.87,16.42771564798579
2019-04-17,94.0,ZK207,ZK207 | lowres_midpoint | MID12 | 236.8 m,5940,point,5940,-7.721367570659822,-28.02,20.298632429340177
2019-04-23,100.0,ZK207,ZK207 | lowres_midpoint | MID12 | 236.8 m,5940,point,5940,-7.70831070085751,-25.95,18.24168929914249
2019-04-29,106.0,ZK207,ZK207 | lowres_midpoint | MID12 | 236.8 m,5940,point,5940,-7.644003376175533,-29.06,21.415996623824466
2019-05-08,115.0,ZK207,ZK207 | lowres_midpoint | MID12 | 236.8 m,5940,point,5940,-7.728478505640851,-26.98,19.25152149435915
2019-05-16,123.0,ZK207,ZK207 | lowres_midpoint | MID12 | 236.8 m,5940,point,5940,-7.743749744458,-26.98,19.236250255542
2019-05-23,130.0,ZK207,ZK207 | lowres_midpoint | MID12 | 236.8 m,5940,point,5940,-7.741039648451078,-22.83,15.08896035154892
2019-05-29,136.0,ZK207,ZK207 | lowres_midpoint | MID12 | 236.8 m,5940,point,5940,-7.7421163448743755,-25.95,18.207883655125624
2019-06-05,143.0,ZK207,ZK207 | lowres_midpoint | MID12 | 236.8 m,5940,point,5940,-7.71574411448546,-26.98,19.26425588551454
2019-06-12,150.0,ZK207,ZK207 | lowres_midpoint | MID12 | 236.8 m,5940,point,5940,-7.72507734226383,-28.02,20.29492265773617
2019-06-19,157.0,ZK207,ZK207 | lowres_midpoint | MID12 | 236.8 m,5940,point,5940,-7.747084413256744,-25.95,18.202915586743256
2019-06-27,165.0,ZK207,ZK207 | lowres_midpoint | MID12 | 236.8 m,5940,point,5940,-7.67020206414054,-26.98,19.30979793585946
2019-07-02,170.0,ZK207,ZK207 | lowres_midpoint | MID12 | 236.8 m,5940,point,5940,-7.717223210667726,-28.02,20.302776789332274
2019-07-05,173.0,ZK207,ZK207 | lowres_midpoint | MID12 | 236.8 m,5940,point,5940,-7.674502099860547,-28.02,20.345497900139453
2019-07-09,177.0,ZK207,ZK207 | lowres_midpoint | MID12 | 236.8 m,5940,point,5940,-7.754321408056967,-28.02,20.265678591943033
2019-07-12,180.0,ZK207,ZK207 | lowres_midpoint | MID12 | 236.8 m,5940,point,5940,-7.7247324845384355,-28.02,20.295267515461564
2019-07-16,184.0,ZK207,ZK207 | lowres_midpoint | MID12 | 236.8 m,5940,point,5940,-7.663022811369956,-28.02,20.356977188630044
2019-07-19,187.0,ZK207,ZK207 | lowres_midpoint | MID12 | 236.8 m,5940,point,5940,-7.72797885448017,-28.02,20.29202114551983
2019-07-22,190.0,ZK207,ZK207 | lowres_midpoint | MID12 | 236.8 m,5940,point,5940,-7.666911725149475,-28.02,20.353088274850524
2019-07-24,192.0,ZK207,ZK207 | lowres_midpoint | MID12 | 236.8 m,5940,point,5940,-7.741038912869044,-27.95,20.208961087130955
2019-07-29,197.0,ZK207,ZK207 | lowres_midpoint | MID12 | 236.8 m,5940,point,5940,-7.748736977513545,-27.99,20.241263022486454
2019-01-14,1.0,ZK401,ZK401 | exact_fault | MID5 | 486.5 m,12464,point,12464,0.0,0.0,0.0
2019-02-23,41.0,ZK401,ZK401 | exact_fault | MID5 | 486.5 m,12464,point,12464,1.311534006281363,2.34,-1.028465993718637
2019-02-28,46.0,ZK401,ZK401 | exact_fault | MID5 | 486.5 m,12464,point,12464,1.6897548639135493,1.12,0.5697548639135492
2019-03-07,53.0,ZK401,ZK401 | exact_fault | MID5 | 486.5 m,12464,point,12464,1.730724308189565,1.12,0.6107243081895648
2019-03-11,57.0,ZK401,ZK401 | exact_fault | MID5 | 486.5 m,12464,point,12464,1.8924953600962908,1.31,0.5824953600962908
2019-03-14,60.0,ZK401,ZK401 | exact_fault | MID5 | 486.5 m,12464,point,12464,1.6219341177711613,1.18,0.4419341177711613
2019-03-18,64.0,ZK401,ZK401 | exact_fault | MID5 | 486.5 m,12464,point,12464,2.0336614205562,2.17,-0.1363385794437999
2019-03-21,67.0,ZK401,ZK401 | exact_fault | MID5 | 486.5 m,12464,point,12464,2.158528370203385,1.25,0.9085283702033848
2019-03-25,71.0,ZK401,ZK401 | exact_fault | MID5 | 486.5 m,12464,point,12464,2.1953062959637464,1.25,0.9453062959637464
2019-03-28,74.0,ZK401,ZK401 | exact_fault | MID5 | 486.5 m,12464,point,12464,2.283295132389867,1.25,1.033295132389867
2019-04-02,79.0,ZK401,ZK401 | exact_fault | MID5 | 486.5 m,12464,point,12464,2.2964146042550055,1.25,1.0464146042550055
2019-04-09,86.0,ZK401,ZK401 | exact_fault | MID5 | 486.5 m,12464,point,12464,2.2014535288662955,2.38,-0.17854647113370437
2019-04-17,94.0,ZK401,ZK401 | exact_fault | MID5 | 486.5 m,12464,point,12464,2.3007549616650067,2.38,-0.07924503833499319
2019-04-23,100.0,ZK401,ZK401 | exact_fault | MID5 | 486.5 m,12464,point,12464,2.287603896405926,3.38,-1.0923961035940737
2019-04-29,106.0,ZK401,ZK401 | exact_fault | MID5 | 486.5 m,12464,point,12464,2.2626656764841755,2.38,-0.1173343235158244
2019-05-08,115.0,ZK401,ZK401 | exact_fault | MID5 | 486.5 m,12464,point,12464,2.2888650026416144,2.31,-0.021134997358385643
2019-05-16,123.0,ZK401,ZK401 | exact_fault | MID5 | 486.5 m,12464,point,12464,2.2902124535858093,2.54,-0.24978754641419076
2019-05-23,130.0,ZK401,ZK401 | exact_fault | MID5 | 486.5 m,12464,point,12464,2.286472598653745,2.17,0.11647259865374515
2019-05-29,136.0,ZK401,ZK401 | exact_fault | MID5 | 486.5 m,12464,point,12464,2.2850123697580784,2.31,-0.024987630241921632
2019-06-05,143.0,ZK401,ZK401 | exact_fault | MID5 | 486.5 m,12464,point,12464,2.2738463196510565,2.31,-0.03615368034894351
2019-06-12,150.0,ZK401,ZK401 | exact_fault | MID5 | 486.5 m,12464,point,12464,2.277802606745354,2.31,-0.03219739325464621
2019-06-19,157.0,ZK401,ZK401 | exact_fault | MID5 | 486.5 m,12464,point,12464,2.2818856242547554,2.31,-0.02811437574524467
2019-06-27,165.0,ZK401,ZK401 | exact_fault | MID5 | 486.5 m,12464,point,12464,2.2686220471341585,2.38,-0.1113779528658414
2019-07-02,170.0,ZK401,ZK401 | exact_fault | MID5 | 486.5 m,12464,point,12464,2.27525218775736,2.38,-0.10474781224263996
2019-07-05,173.0,ZK401,ZK401 | exact_fault | MID5 | 486.5 m,12464,point,12464,2.268605049593134,2.38,-0.11139495040686587
2019-07-09,177.0,ZK401,ZK401 | exact_fault | MID5 | 486.5 m,12464,point,12464,2.283766249056498,2.46,-0.1762337509435019
2019-07-12,180.0,ZK401,ZK401 | exact_fault | MID5 | 486.5 m,12464,point,12464,2.2757598242196764,2.46,-0.1842401757803236
2019-07-16,184.0,ZK401,ZK401 | exact_fault | MID5 | 486.5 m,12464,point,12464,2.251641523566832,2.46,-0.20835847643316807
2019-07-19,187.0,ZK401,ZK401 | exact_fault | MID5 | 486.5 m,12464,point,12464,2.2774261689064588,2.46,-0.1825738310935412
2019-07-22,190.0,ZK401,ZK401 | exact_fault | MID5 | 486.5 m,12464,point,12464,2.2641404910455094,2.46,-0.19585950895449056
2019-07-24,192.0,ZK401,ZK401 | exact_fault | MID5 | 486.5 m,12464,point,12464,2.2792660852774134,2.46,-0.1807339147225866
2019-07-29,197.0,ZK401,ZK401 | exact_fault | MID5 | 486.5 m,12464,point,12464,2.280597942366512,2.46,-0.17940205763348782
2019-01-14,1.0,ZK401,ZK401 | exact_fault | MID3 | 585.1 m,1473,point,1473,0.0,0.0,0.0
2019-02-23,41.0,ZK401,ZK401 | exact_fault | MID3 | 585.1 m,1473,point,1473,1.3557926625944674,2.34,-0.9842073374055325
2019-02-28,46.0,ZK401,ZK401 | exact_fault | MID3 | 585.1 m,1473,point,1473,1.7499797915816089,1.12,0.6299797915816088
2019-03-07,53.0,ZK401,ZK401 | exact_fault | MID3 | 585.1 m,1473,point,1473,1.7918016124031055,1.12,0.6718016124031054
2019-03-11,57.0,ZK401,ZK401 | exact_fault | MID3 | 585.1 m,1473,point,1473,1.9584026298434765,1.31,0.6484026298434764
2019-03-14,60.0,ZK401,ZK401 | exact_fault | MID3 | 585.1 m,1473,point,1473,1.6786276892889873,1.18,0.4986276892889874
2019-03-18,64.0,ZK401,ZK401 | exact_fault | MID3 | 585.1 m,1473,point,1473,2.1052676409881315,2.17,-0.06473235901186847
2019-03-21,67.0,ZK401,ZK401 | exact_fault | MID3 | 585.1 m,1473,point,1473,2.2346130852693022,1.25,0.9846130852693022
2019-03-25,71.0,ZK401,ZK401 | exact_fault | MID3 | 585.1 m,1473,point,1473,2.2729855116012914,1.25,1.0229855116012914
2019-03-28,74.0,ZK401,ZK401 | exact_fault | MID3 | 585.1 m,1473,point,1473,2.36451018038224,1.25,1.11451018038224
2019-04-02,79.0,ZK401,ZK401 | exact_fault | MID3 | 585.1 m,1473,point,1473,2.377853528972082,1.25,1.1278535289720821
2019-04-09,86.0,ZK401,ZK401 | exact_fault | MID3 | 585.1 m,1473,point,1473,2.279429911328407,2.38,-0.100570088671593
2019-04-17,94.0,ZK401,ZK401 | exact_fault | MID3 | 585.1 m,1473,point,1473,2.38222735733234,2.38,0.0022273573323401408
2019-04-23,100.0,ZK401,ZK401 | exact_fault | MID3 | 585.1 m,1473,point,1473,2.368759342548401,3.38,-1.0112406574515989
2019-04-29,106.0,ZK401,ZK401 | exact_fault | MID3 | 585.1 m,1473,point,1473,2.3430436498774725,2.38,-0.036956350122527404
2019-05-08,115.0,ZK401,ZK401 | exact_fault | MID3 | 585.1 m,1473,point,1473,2.370229800722882,2.31,0.060229800722881865
2019-05-16,123.0,ZK401,ZK401 | exact_fault | MID3 | 585.1 m,1473,point,1473,2.3717080063370304,2.54,-0.16829199366296965
2019-05-23,130.0,ZK401,ZK401 | exact_fault | MID3 | 585.1 m,1473,point,1473,2.3678889930633886,2.17,0.1978889930633887
2019-05-29,136.0,ZK401,ZK401 | exact_fault | MID3 | 585.1 m,1473,point,1473,2.366413977844786,2.31,0.05641397784478608
2019-06-05,143.0,ZK401,ZK401 | exact_fault | MID3 | 585.1 m,1473,point,1473,2.354880231491734,2.31,0.04488023149173381
2019-06-12,150.0,ZK401,ZK401 | exact_fault | MID3 | 585.1 m,1473,point,1473,2.3590100222254478,2.31,0.0490100222254477
2019-06-19,157.0,ZK401,ZK401 | exact_fault | MID3 | 585.1 m,1473,point,1473,2.3632179802098108,2.31,0.05321798020981072
2019-06-27,165.0,ZK401,ZK401 | exact_fault | MID3 | 585.1 m,1473,point,1473,2.349875457708549,2.38,-0.030124542291450673
2019-07-02,170.0,ZK401,ZK401 | exact_fault | MID3 | 585.1 m,1473,point,1473,2.3564558493389995,2.38,-0.02354415066100035
2019-07-05,173.0,ZK401,ZK401 | exact_fault | MID3 | 585.1 m,1473,point,1473,2.349861427547694,2.38,-0.030138572452306
2019-07-09,177.0,ZK401,ZK401 | exact_fault | MID3 | 585.1 m,1473,point,1473,2.3652661545920637,2.46,-0.09473384540793628
2019-07-12,180.0,ZK401,ZK401 | exact_fault | MID3 | 585.1 m,1473,point,1473,2.3570662763631844,2.46,-0.10293372363681552
2019-07-16,184.0,ZK401,ZK401 | exact_fault | MID3 | 585.1 m,1473,point,1473,2.3320019331995354,2.46,-0.12799806680046455
2019-07-19,187.0,ZK401,ZK401 | exact_fault | MID3 | 585.1 m,1473,point,1473,2.358743788268839,2.46,-0.10125621173116084
2019-07-22,190.0,ZK401,ZK401 | exact_fault | MID3 | 585.1 m,1473,point,1473,2.345269871590972,2.46,-0.11473012840902808
2019-07-24,192.0,ZK401,ZK401 | exact_fault | MID3 | 585.1 m,1473,point,1473,2.3606357550315806,2.46,-0.09936424496841934
2019-07-29,197.0,ZK401,ZK401 | exact_fault | MID3 | 585.1 m,1473,point,1473,2.362018099139277,2.46,-0.09798190086072278
2019-01-14,1.0,ZK402,ZK402 | exact_fault | MID7 | 287.4 m,15017,point,15017,0.0,0.0,0.0
2019-02-23,41.0,ZK402,ZK402 | exact_fault | MID7 | 287.4 m,15017,point,15017,1.1117799320345512,-0.04,1.1517799320345512
2019-02-28,46.0,ZK402,ZK402 | exact_fault | MID7 | 287.4 m,15017,point,15017,1.4157468625080583,0.0,1.4157468625080583
2019-03-07,53.0,ZK402,ZK402 | exact_fault | MID7 | 287.4 m,15017,point,15017,1.4532629681616527,-0.05,1.5032629681616527
2019-03-11,57.0,ZK402,ZK402 | exact_fault | MID7 | 287.4 m,15017,point,15017,1.593539883025187,-0.08,1.673539883025187
2019-03-14,60.0,ZK402,ZK402 | exact_fault | MID7 | 287.4 m,15017,point,15017,1.3648576094983582,-0.12,1.4848576094983583
2019-03-18,64.0,ZK402,ZK402 | exact_fault | MID7 | 287.4 m,15017,point,15017,1.708409565662805,-0.11,1.8184095656628052
2019-03-21,67.0,ZK402,ZK402 | exact_fault | MID7 | 287.4 m,15017,point,15017,1.8128381046317372,-0.07,1.8828381046317373
2019-03-25,71.0,ZK402,ZK402 | exact_fault | MID7 | 287.4 m,15017,point,15017,1.8422264132696,-0.07,1.9122264132696
2019-03-28,74.0,ZK402,ZK402 | exact_fault | MID7 | 287.4 m,15017,point,15017,1.9138772213700577,-0.15,2.0638772213700576
2019-04-02,79.0,ZK402,ZK402 | exact_fault | MID7 | 287.4 m,15017,point,15017,1.92616721817285,-0.04,1.96616721817285
2019-04-09,86.0,ZK402,ZK402 | exact_fault | MID7 | 287.4 m,15017,point,15017,1.8471247233337635,-0.1,1.9471247233337636
2019-04-17,94.0,ZK402,ZK402 | exact_fault | MID7 | 287.4 m,15017,point,15017,1.9305161078154924,-0.17,2.1005161078154924
2019-04-23,100.0,ZK402,ZK402 | exact_fault | MID7 | 287.4 m,15017,point,15017,1.9187661493288033,-0.13,2.048766149328803
2019-04-29,106.0,ZK402,ZK402 | exact_fault | MID7 | 287.4 m,15017,point,15017,1.8973555739603398,-0.17,2.0673555739603398
2019-05-08,115.0,ZK402,ZK402 | exact_fault | MID7 | 287.4 m,15017,point,15017,1.9190600765396084,-0.18,2.0990600765396086
2019-05-16,123.0,ZK402,ZK402 | exact_fault | MID7 | 287.4 m,15017,point,15017,1.9198017036897,0.0,1.9198017036897
2019-05-23,130.0,ZK402,ZK402 | exact_fault | MID7 | 287.4 m,15017,point,15017,1.9164229567722941,-0.2,2.1164229567722943
2019-05-29,136.0,ZK402,ZK402 | exact_fault | MID7 | 287.4 m,15017,point,15017,1.9150304439135653,-0.13,2.045030443913565
2019-06-05,143.0,ZK402,ZK402 | exact_fault | MID7 | 287.4 m,15017,point,15017,1.905547411540283,-0.23,2.135547411540283
2019-06-12,150.0,ZK402,ZK402 | exact_fault | MID7 | 287.4 m,15017,point,15017,1.908706991719555,-0.23,2.138706991719555
2019-06-19,157.0,ZK402,ZK402 | exact_fault | MID7 | 287.4 m,15017,point,15017,1.9122441567369606,-0.12,2.0322441567369607
2019-06-27,165.0,ZK402,ZK402 | exact_fault | MID7 | 287.4 m,15017,point,15017,1.899137353999322,-0.15,2.049137353999322
2019-07-02,170.0,ZK402,ZK402 | exact_fault | MID7 | 287.4 m,15017,point,15017,1.9061483759069233,0.15,1.7561483759069234
2019-07-05,173.0,ZK402,ZK402 | exact_fault | MID7 | 287.4 m,15017,point,15017,1.899116558478454,-0.05,1.949116558478454
2019-07-09,177.0,ZK402,ZK402 | exact_fault | MID7 | 287.4 m,15017,point,15017,1.9133345747950443,-0.25,2.1633345747950443
2019-07-12,180.0,ZK402,ZK402 | exact_fault | MID7 | 287.4 m,15017,point,15017,1.9061647419403016,-0.2,2.106164741940302
2019-07-16,184.0,ZK402,ZK402 | exact_fault | MID7 | 287.4 m,15017,point,15017,1.8864126592425237,-0.05,1.9364126592425237
2019-07-19,187.0,ZK402,ZK402 | exact_fault | MID7 | 287.4 m,15017,point,15017,1.9078010273733526,-0.15,2.0578010273733525
2019-07-22,190.0,ZK402,ZK402 | exact_fault | MID7 | 287.4 m,15017,point,15017,1.8952332393755569,-0.2,2.095233239375557
2019-07-24,192.0,ZK402,ZK402 | exact_fault | MID7 | 287.4 m,15017,point,15017,1.9094258062104927,-0.15,2.0594258062104926
2019-07-29,197.0,ZK402,ZK402 | exact_fault | MID7 | 287.4 m,15017,point,15017,1.9105307694944713,-0.05,1.9605307694944714
2019-01-14,1.0,ZK402,ZK402 | lowres_midpoint | MID12 | 493.5 m,20482,point,20482,0.0,0.0,0.0
2019-02-23,41.0,ZK402,ZK402 | lowres_midpoint | MID12 | 493.5 m,20482,point,20482,1.1403064789446944,-0.04,1.1803064789446944
2019-02-28,46.0,ZK402,ZK402 | lowres_midpoint | MID12 | 493.5 m,20482,point,20482,1.4190416306473708,0.0,1.4190416306473708
2019-03-07,53.0,ZK402,ZK402 | lowres_midpoint | MID12 | 493.5 m,20482,point,20482,1.463165128970104,-0.05,1.513165128970104
2019-03-11,57.0,ZK402,ZK402 | lowres_midpoint | MID12 | 493.5 m,20482,point,20482,1.6102723590165624,-0.08,1.6902723590165625
2019-03-14,60.0,ZK402,ZK402 | lowres_midpoint | MID12 | 493.5 m,20482,point,20482,1.382114468434338,-0.12,1.5021144684343382
2019-03-18,64.0,ZK402,ZK402 | lowres_midpoint | MID12 | 493.5 m,20482,point,20482,1.7198829229118928,-0.11,1.829882922911893
2019-03-21,67.0,ZK402,ZK402 | lowres_midpoint | MID12 | 493.5 m,20482,point,20482,1.8235155150396167,-0.07,1.8935155150396168
2019-03-25,71.0,ZK402,ZK402 | lowres_midpoint | MID12 | 493.5 m,20482,point,20482,1.8512398633301927,-0.07,1.9212398633301928
2019-03-28,74.0,ZK402,ZK402 | lowres_midpoint | MID12 | 493.5 m,20482,point,20482,1.9191008903326292,-0.15,2.069100890332629
2019-04-02,79.0,ZK402,ZK402 | lowres_midpoint | MID12 | 493.5 m,20482,point,20482,1.9343029141336956,-0.04,1.9743029141336956
2019-04-09,86.0,ZK402,ZK402 | lowres_midpoint | MID12 | 493.5 m,20482,point,20482,1.8581141746744834,-0.1,1.9581141746744835
2019-04-17,94.0,ZK402,ZK402 | lowres_midpoint | MID12 | 493.5 m,20482,point,20482,1.9404351880284594,-0.17,2.1104351880284593
2019-04-23,100.0,ZK402,ZK402 | lowres_midpoint | MID12 | 493.5 m,20482,point,20482,1.928959930689416,-0.13,2.058959930689416
2019-04-29,106.0,ZK402,ZK402 | lowres_midpoint | MID12 | 493.5 m,20482,point,20482,1.9075954301351885,-0.17,2.0775954301351884
2019-05-08,115.0,ZK402,ZK402 | lowres_midpoint | MID12 | 493.5 m,20482,point,20482,1.9291144178259856,-0.18,2.1091144178259857
2019-05-16,123.0,ZK402,ZK402 | lowres_midpoint | MID12 | 493.5 m,20482,point,20482,1.9298633022463036,0.0,1.9298633022463036
2019-05-23,130.0,ZK402,ZK402 | lowres_midpoint | MID12 | 493.5 m,20482,point,20482,1.9265533699717707,-0.2,2.126553369971771
2019-05-29,136.0,ZK402,ZK402 | lowres_midpoint | MID12 | 493.5 m,20482,point,20482,1.9251999383195653,-0.13,2.055199938319565
2019-06-05,143.0,ZK402,ZK402 | lowres_midpoint | MID12 | 493.5 m,20482,point,20482,1.9159164522070569,-0.23,2.145916452207057
2019-06-12,150.0,ZK402,ZK402 | lowres_midpoint | MID12 | 493.5 m,20482,point,20482,1.9188595064824767,-0.23,2.1488595064824767
2019-06-19,157.0,ZK402,ZK402 | lowres_midpoint | MID12 | 493.5 m,20482,point,20482,1.9227968453833455,-0.12,2.0427968453833456
2019-06-27,165.0,ZK402,ZK402 | lowres_midpoint | MID12 | 493.5 m,20482,point,20482,1.9067792792293403,-0.15,2.0567792792293402
2019-07-02,170.0,ZK402,ZK402 | lowres_midpoint | MID12 | 493.5 m,20482,point,20482,1.9160467349238388,0.15,1.766046734923839
2019-07-05,173.0,ZK402,ZK402 | lowres_midpoint | MID12 | 493.5 m,20482,point,20482,1.9068767601738728,-0.05,1.9568767601738728
2019-07-09,177.0,ZK402,ZK402 | lowres_midpoint | MID12 | 493.5 m,20482,point,20482,1.9234751465501176,-0.25,2.1734751465501176
2019-07-12,180.0,ZK402,ZK402 | lowres_midpoint | MID12 | 493.5 m,20482,point,20482,1.915758970844763,-0.2,2.1157589708447633
2019-07-16,184.0,ZK402,ZK402 | lowres_midpoint | MID12 | 493.5 m,20482,point,20482,1.896993506801664,-0.05,1.946993506801664
2019-07-19,187.0,ZK402,ZK402 | lowres_midpoint | MID12 | 493.5 m,20482,point,20482,1.9176862860358597,-0.15,2.0676862860358596
2019-07-22,190.0,ZK402,ZK402 | lowres_midpoint | MID12 | 493.5 m,20482,point,20482,1.9030858725918733,-0.2,2.1030858725918735
2019-07-24,192.0,ZK402,ZK402 | lowres_midpoint | MID12 | 493.5 m,20482,point,20482,1.9195253308962492,-0.15,2.069525330896249
2019-07-29,197.0,ZK402,ZK402 | lowres_midpoint | MID12 | 493.5 m,20482,point,20482,1.9207022380114722,-0.05,1.9707022380114723
2019-01-14,1.0,ZK501,ZK501 | bedrock_midpoint | MID0 | 164.7 m,33486,point,33486,0.0,0.0,0.0
2019-02-23,41.0,ZK501,ZK501 | bedrock_midpoint | MID0 | 164.7 m,33486,point,33486,1.5564385591596874,-2.02,3.5764385591596874
2019-02-28,46.0,ZK501,ZK501 | bedrock_midpoint | MID0 | 164.7 m,33486,point,33486,1.6173202919726464,-0.93,2.5473202919726465
2019-03-07,53.0,ZK501,ZK501 | bedrock_midpoint | MID0 | 164.7 m,33486,point,33486,1.5554083294855445,2.17,-0.6145916705144554
2019-03-11,57.0,ZK501,ZK501 | bedrock_midpoint | MID0 | 164.7 m,33486,point,33486,1.5300380188782583,0.08,1.4500380188782582
2019-03-14,60.0,ZK501,ZK501 | bedrock_midpoint | MID0 | 164.7 m,33486,point,33486,1.6287789968946527,0.0,1.6287789968946527
2019-03-18,64.0,ZK501,ZK501 | bedrock_midpoint | MID0 | 164.7 m,33486,point,33486,1.6375688174475727,0.0,1.6375688174475727
2019-03-21,67.0,ZK501,ZK501 | bedrock_midpoint | MID0 | 164.7 m,33486,point,33486,1.66901206678358,-2.09,3.75901206678358
2019-03-25,71.0,ZK501,ZK501 | bedrock_midpoint | MID0 | 164.7 m,33486,point,33486,1.7502264286858917,-1.05,2.8002264286858916
2019-03-28,74.0,ZK501,ZK501 | bedrock_midpoint | MID0 | 164.7 m,33486,point,33486,1.811774904928825,-1.05,2.861774904928825
2019-04-02,79.0,ZK501,ZK501 | bedrock_midpoint | MID0 | 164.7 m,33486,point,33486,1.8748094682359806,-1.05,2.9248094682359804
2019-04-09,86.0,ZK501,ZK501 | bedrock_midpoint | MID0 | 164.7 m,33486,point,33486,1.9912797906818014,-1.05,3.041279790681801
2019-04-17,94.0,ZK501,ZK501 | bedrock_midpoint | MID0 | 164.7 m,33486,point,33486,1.9506563063623616,-0.07,2.0206563063623615
2019-04-23,100.0,ZK501,ZK501 | bedrock_midpoint | MID0 | 164.7 m,33486,point,33486,2.031053167729624,-1.11,3.1410531677296243
2019-04-29,106.0,ZK501,ZK501 | bedrock_midpoint | MID0 | 164.7 m,33486,point,33486,2.1223804528390247,-2.09,4.2123804528390245
2019-05-08,115.0,ZK501,ZK501 | bedrock_midpoint | MID0 | 164.7 m,33486,point,33486,2.1761431647855716,-3.25,5.426143164785572
2019-05-16,123.0,ZK501,ZK501 | bedrock_midpoint | MID0 | 164.7 m,33486,point,33486,2.2414939999180206,-3.25,5.491493999918021
2019-05-23,130.0,ZK501,ZK501 | bedrock_midpoint | MID0 | 164.7 m,33486,point,33486,2.2872793206906863,-3.19,5.477279320690686
2019-05-29,136.0,ZK501,ZK501 | bedrock_midpoint | MID0 | 164.7 m,33486,point,33486,2.3195357901213356,-7.4,9.719535790121336
2019-06-05,143.0,ZK501,ZK501 | bedrock_midpoint | MID0 | 164.7 m,33486,point,33486,2.3521710063951105,-7.4,9.75217100639511
2019-06-12,150.0,ZK501,ZK501 | bedrock_midpoint | MID0 | 164.7 m,33486,point,33486,2.3708562368128696,-7.4,9.77085623681287
2019-06-19,157.0,ZK501,ZK501 | bedrock_midpoint | MID0 | 164.7 m,33486,point,33486,2.386750842735637,-4.29,6.676750842735637
2019-06-27,165.0,ZK501,ZK501 | bedrock_midpoint | MID0 | 164.7 m,33486,point,33486,2.42680736757211,-2.21,4.63680736757211
2019-07-02,170.0,ZK501,ZK501 | bedrock_midpoint | MID0 | 164.7 m,33486,point,33486,2.425043786518472,-2.21,4.635043786518472
2019-07-05,173.0,ZK501,ZK501 | bedrock_midpoint | MID0 | 164.7 m,33486,point,33486,2.4362004606146,-2.21,4.6462004606146
2019-07-09,177.0,ZK501,ZK501 | bedrock_midpoint | MID0 | 164.7 m,33486,point,33486,2.428581944783218,-2.21,4.638581944783218
2019-07-12,180.0,ZK501,ZK501 | bedrock_midpoint | MID0 | 164.7 m,33486,point,33486,2.4417685384969445,-2.27,4.711768538496944
2019-07-16,184.0,ZK501,ZK501 | bedrock_midpoint | MID0 | 164.7 m,33486,point,33486,2.4569992217129766,-1.28,3.736999221712977
2019-07-19,187.0,ZK501,ZK501 | bedrock_midpoint | MID0 | 164.7 m,33486,point,33486,2.463753614759298,-2.32,4.7837536147592985
2019-07-22,190.0,ZK501,ZK501 | bedrock_midpoint | MID0 | 164.7 m,33486,point,33486,2.4735795661927114,-5.41,7.8835795661927115
2019-07-24,192.0,ZK501,ZK501 | bedrock_midpoint | MID0 | 164.7 m,33486,point,33486,2.4643777917026455,-1.23,3.6943777917026455
2019-07-29,197.0,ZK501,ZK501 | bedrock_midpoint | MID0 | 164.7 m,33486,point,33486,2.46862127330769,-1.23,3.69862127330769
