category,case_name,source_path,repository_path,main_project_file,model_type,purpose,manuscript_section,manuscript_figure,key_parameters,calibration_or_comparison,required_mesh,required_forcing_files,required_observation_files,required_scripts,missing_dependencies,notes
hydraulic,Full DFNM reference,/home/zhai/Yangyi_OGS/Simulation_files/Liquid_flow_simulation/Full_DFMN/case1,02_full_DFNM_reference,yangyi_actual_ops_after20190113_outlier_checked.prj,3D matrix + 2D faults + volumetric LRZ,Full structural hydraulic reference,Full DFNM hydraulic reference,not specified,"199 d; matrix k=1e-16 m2; baseline fault/LRZ set",reference,input_mesh/reservoir_with_lowres.vtu,embedded curves plus ogs_source_curves_after20190113_outlier_checked.csv,yangyi_after_20190113_for_ogs.xlsx; observed_monitoring_delta_head.csv,compare_simulated_observed_head_change_after20190113.py,,Only project in supplied Full case1; source README duration is stale
hydraulic,joint_007,/home/zhai/Yangyi_OGS/Simulation_files/Liquid_flow_simulation/DFN_LRZ/case1_k9_2e-11_k10_4e-13_noMatrix,03_DFN_LRZ_calibration/random_wellhead_calibration/joint_downhole_head_calibration/head_refinement,projects/joint_007.prj,2D faults + volumetric LRZ; no matrix cells,Final best-tested reduced hydraulic case,DFN-LRZ hydraulic calibration,not specified,"k1=9.554224501857e-9; k5=1.013370361393e-10; k9=1.125163238659e-11; k12=2.499956611737e-12 m2",calibration,category-root input_mesh/reservoir_with_lowres.vtu,embedded active-well curves,hydraulic workbooks; monitor mapping,run_head_refinement.py; run_joint_calibration.py,external pressure-comparison helper for regenerating rankings,Launch project from category root
hydraulic,coarse pressure sweep,/home/zhai/Yangyi_OGS/Simulation_files/Liquid_flow_simulation/DFN_LRZ/case1_k9_2e-11_k10_4e-13_noMatrix,03_DFN_LRZ_calibration/random_wellhead_calibration,projects/*.prj,DFN-LRZ,25-case coarse k1/k5/k12 pressure sweep,DFN-LRZ hydraulic calibration,not specified,"log-uniform fixed seed; 60/20/20 weighted RMSE",calibration,category-root input_mesh,embedded curves,clean_six_line_pressure_data.xlsx,run_random_calibration.py,external sibling pressure helper,Inputs retained; results excluded
hydraulic,refined pressure sweep,/home/zhai/Yangyi_OGS/Simulation_files/Liquid_flow_simulation/DFN_LRZ/case1_k9_2e-11_k10_4e-13_noMatrix,03_DFN_LRZ_calibration/random_wellhead_calibration/refined_sweep,projects/*.prj,DFN-LRZ,25-case narrowed pressure sweep,DFN-LRZ hydraulic calibration,not specified,"k5=5e-11–2e-10; k1=7e-9–3e-8; k12=4e-12–2e-11 m2",calibration,category-root input_mesh,embedded curves,clean_six_line_pressure_data.xlsx,run_refined_calibration.py,external coarse helper context,Inputs retained; results excluded
hydraulic,joint pressure-head sweep,/home/zhai/Yangyi_OGS/Simulation_files/Liquid_flow_simulation/DFN_LRZ/case1_k9_2e-11_k10_4e-13_noMatrix,03_DFN_LRZ_calibration/random_wellhead_calibration/joint_downhole_head_calibration,projects/*.prj,DFN-LRZ,38-case pressure/head LHS,DFN-LRZ hydraulic calibration,not specified,"vary Materials 1,5,9,12; 0.5 MPa guardrail",calibration,category-root input_mesh,embedded curves,hydraulic workbook; monitor mapping,run_joint_calibration.py,external pressure helper,Inputs retained; results excluded
comparison,DFNM-noLRZ,/home/zhai/Yangyi_OGS/Simulation_files/Liquid_flow_simulation/DFN_LRZ/case1_k9_2e-11_k10_4e-13_noMatrix_bestfit_3model_comparison,04_four_model_comparison/DFNM,bestfit_DFNM_200d.prj,3D matrix + 2D faults; no LRZ,Structural comparison,Four-model hydraulic comparison,not specified,joint_007 permeability transfer,comparison,input_mesh/reservoir_without_lrz.vtu,embedded curves,monitoring_data workbook,run_all.sh; plot_* scripts,,Three active wells
comparison,Full DFNM comparison,/home/zhai/Yangyi_OGS/Simulation_files/Liquid_flow_simulation/DFN_LRZ/case1_k9_2e-11_k10_4e-13_noMatrix_bestfit_3model_comparison,04_four_model_comparison/DFNM-LRZ,bestfit_DFNM_LRZ_200d.prj,3D matrix + 2D faults + LRZ,Structural comparison,Four-model hydraulic comparison,not specified,joint_007 permeability transfer,comparison,input_mesh/reservoir_with_lowres.vtu,embedded curves,monitoring_data workbook,run_all.sh; plot_* scripts,,Three active wells; not independently recalibrated
comparison,Surface DFN,/home/zhai/Yangyi_OGS/Simulation_files/Liquid_flow_simulation/DFN_LRZ/case1_k9_2e-11_k10_4e-13_noMatrix_bestfit_3model_comparison,04_four_model_comparison/DFN,bestfit_DFN_200d.prj,2D faults only,Structural comparison,Four-model hydraulic comparison,not specified,joint_007 fault permeability transfer,comparison,yangyi_2d_fractures.vtu,embedded balanced ZK403/ZK208 curves,monitoring_data workbook,run_all.sh; plot_* scripts,,Two active wells; not strict LRZ ablation
comparison,DFN-LRZ comparison,/home/zhai/Yangyi_OGS/Simulation_files/Liquid_flow_simulation/DFN_LRZ/case1_k9_2e-11_k10_4e-13_noMatrix_bestfit_3model_comparison,04_four_model_comparison/DFN-LRZ,bestfit_DFNM_LRZ_200d.prj,2D faults + volumetric LRZ; no matrix,Structural comparison,Four-model hydraulic comparison,not specified,joint_007 permeability transfer,comparison,input_mesh/reservoir_with_lowres.vtu,embedded curves,monitoring_data workbook,run_all.sh; plot_* scripts,,Three active wells; calibrated topology
tracer,final anchor_80C,/home/zhai/Yangyi_OGS/Simulation_files/Tracer_simulation/Long_tracer/case6_4pipes_joint_parameter_sweep,05_tracer_calibration_sweeps/runs/anchor_80C,case6_joint_anchor_80C_portable.prj,effective 1D four-pipe + storage + deep feedback,Selected tracer case,Tracer calibration,not specified,"fpipe=1/3; alphaL=5 m; Rdeep=0.70; tau=60 d; 238 d",calibration,input_mesh/four_pipes_with_storage.vtu,embedded flow/tracer/return curves,observed_tracer_ZK203_ZK208.csv,run_joint_sweep.py; plot_best_case_single_axis.py,three earlier-branch helper scripts for regeneration,Original source project retained alongside documented path-only copy
tracer,final joint LHS sweep,/home/zhai/Yangyi_OGS/Simulation_files/Tracer_simulation/Long_tracer/case6_4pipes_joint_parameter_sweep,05_tracer_calibration_sweeps/runs,runs/*/case6_joint_*_portable.prj,effective 1D four-pipe,16 LHS + 4 anchors,Tracer calibration,not specified,"fpipe; alphaL; Rdeep; tau fixed 60 d",calibration,each run/input_mesh,embedded curves,observed_tracer_ZK203_ZK208.csv,run_joint_sweep.py,deep-feedback; flow-fraction; release-time helpers,All 20 originals and 20 path-only portable copies retained
tracer,fast/storage fraction sweep,outside supplied source,not retained,not available,effective four-pipe,Earlier representative sensitivity,Tracer calibration history,not specified,fast versus storage split,sensitivity,not available,not available,not available,not available,source branch not supplied,Recorded as missing rather than inferred
tracer,longitudinal dispersivity sweep,outside supplied source,not retained,not available,effective four-pipe,Earlier representative sensitivity,Tracer calibration history,not specified,longitudinal dispersivity,sensitivity,not available,not available,not available,not available,source branch not supplied,Recorded as missing rather than inferred
tracer,deep recovery sweep,outside supplied source,not retained,not available,effective deep feedback,Earlier representative sensitivity,Tracer calibration history,not specified,eventual deep recovery,sensitivity,not available,not available,not available,not available,source branch not supplied,Recorded as missing rather than inferred
tracer,deep release-time sweep,outside supplied source,not retained,not available,effective deep feedback,Earlier representative sensitivity,Tracer calibration history,not specified,deep release time,sensitivity,not available,not available,not available,not available,source branch/helper not supplied,Recorded as missing rather than inferred
thermal,final thermal consistency case,/home/zhai/Yangyi_OGS/Simulation_files/HT_coupling_4pipes/case4_local_joint_refinement_4y,06_thermal_consistency/runs/M203T190C_S203A0p3x_S208A6x_alphaL35m,M203T190C_S203A0p3x_S208A6x_alphaL35m.prj,effective four-pipe non-isothermal transport,Selected auxiliary consistency case,Thermal consistency,not specified,"T0=185C; M203/M208 return=190/200C; cp multipliers=0.3x/6x; alphaL=35m; 1461d",calibration,input_mesh/four_pipes_with_storage.vtu,embedded flow and ZK403 temperature curves,external Power output and PT.xls,run_joint_refinement.py; plot_injection_production_temperature.py,parent case3 project/workbook/.python_deps,Project itself is runnable; independent scoring is incomplete
thermal,local joint refinement,/home/zhai/Yangyi_OGS/Simulation_files/HT_coupling_4pipes/case4_local_joint_refinement_4y,06_thermal_consistency/runs,runs/*/*.prj,effective four-pipe non-isothermal transport,3x3 M203-temperature/alphaL refinement,Thermal consistency,not specified,"M203=190/192/194C; alphaL=25/30/35m",calibration,each run/input_mesh,embedded curves,external thermal workbook,run_joint_refinement.py,parent case3 project/workbook/.python_deps,All nine final input cases retained
thermal,initial/global and path-capacity stages,outside supplied source,not retained,not available,effective four-pipe,Earlier thermal sensitivity stages,Thermal calibration history,not specified,initial temperature and effective capacities,sensitivity,not available,not available,not available,not available,parent case3 and earlier cases not supplied,Recorded as missing rather than inferred
