case,f_pipe,alphaL_m,Rdeep,design_type,f_deep,implied_pipe_temperature_C,aperture_scale
lhs_01,0.4092938279845795,2.9560096549460804,0.7661514829403301,LHS,0.5907061720154205,102.27069829768594,1.4325283979460282
lhs_02,0.3317952102250639,6.400520207763761,0.4397349068230917,LHS,0.6682047897749361,79.44370874773288,1.1612832357877239
lhs_03,0.4259732522347604,8.27122043201424,0.496150509693692,LHS,0.5740267477652397,106.09739041089982,1.4909063828216615
lhs_04,0.49297819158972883,2.044243994435035,0.7214184584352415,LHS,0.5070218084102711,118.8605080662692,1.725423670564051
lhs_05,0.35853843878297154,3.143867790800243,0.5009689093521101,LHS,0.6414615612170285,88.43595086826221,1.2548845357404004
lhs_06,0.43682718506028395,4.167381309707216,0.6847186402313052,LHS,0.563172814939716,108.43060741634055,1.528895147710994
lhs_07,0.48351006864125035,9.489713704065819,0.6543591333070115,LHS,0.5164899313587497,117.2716297048226,1.6922852402443762
lhs_08,0.298128241322374,10.731849140024268,0.47430864154149205,LHS,0.701871758677626,65.8295509926316,1.043448844628309
lhs_09,0.3851078953461979,5.665036756146988,0.5963065765260388,LHS,0.6148921046538021,96.13300458552929,1.3478776337116927
lhs_10,0.4718717352889804,4.8206678357447625,0.6031509878558955,LHS,0.5281282647110196,115.23120159866436,1.6515510735114316
lhs_11,0.37737859548216335,12.625743218760988,0.5455704095004122,LHS,0.6226214045178367,94.00564717006961,1.3208250841875717
lhs_12,0.3999991925408508,18.73486056338814,0.41996205988074653,LHS,0.6000008074591492,99.9997981348052,1.399997173892978
lhs_13,0.3007190150991109,3.8414039707129386,0.6419803584012815,LHS,0.6992809849008891,66.98546486388031,1.0525165528468883
lhs_14,0.34093599550886977,15.646156746260678,0.5595875988764397,LHS,0.6590640044911302,82.67592590129028,1.1932759842810443
lhs_15,0.45065927285760243,14.599379255186115,0.7353252688595904,LHS,0.5493407271423976,111.24114733873668,1.5773074550016086
lhs_16,0.31521171541892623,2.379972367038544,0.7770282383682537,LHS,0.6847882845810738,73.10116330277017,1.103241003966242
anchor_60C,0.2857142857142857,2.0,0.8,anchor,0.7142857142857143,60.0,1.0
anchor_80C,0.3333333333333333,5.0,0.7,anchor,0.6666666666666667,80.0,1.1666666666666667
anchor_100C,0.4,10.0,0.6,anchor,0.6,100.0,1.4000000000000001
anchor_120C,0.5,20.0,0.4,anchor,0.5,120.0,1.75
