well,sample_no,Date,days_since_tracer_injection,concentration_ppb,concentration_ug_per_L,concentration_mg_per_L,concentration_kg_per_m3,note
ZK203,1,2019-03-21,0,0,0,0.0,0.0,
ZK208,1,2019-03-21,0,0,0,0.0,0.0,
ZK203,2,2019-03-22,1,14.51,14.51,0.01451,1.4509999999999998e-05,
ZK208,2,2019-03-22,1,-0.81,-0.81,-0.0008100000000000001,-8.1e-07,Negative value kept as raw observation; consider background/detection correction before calibration.
ZK203,3,2019-03-23,2,17.03,17.03,0.01703,1.703e-05,
ZK208,3,2019-03-23,2,41.423,41.423,0.041423,4.1423e-05,
ZK203,4,2019-03-24,3,16.5,16.5,0.0165,1.6499999999999998e-05,
ZK208,4,2019-03-24,3,282.042,282.042,0.28204199999999996,0.000282042,
ZK203,5,2019-03-25,4,16.067,16.067,0.016067,1.6067e-05,
ZK208,5,2019-03-25,4,417.32,417.32,0.41731999999999997,0.00041732,
ZK203,6,2019-03-26,5,20.313,20.313,0.020312999999999998,2.0312999999999997e-05,
ZK208,6,2019-03-26,5,518.88,518.88,0.51888,0.00051888,
ZK203,7,2019-03-27,6,51.76,51.76,0.05176,5.175999999999999e-05,
ZK208,7,2019-03-27,6,479.243,479.243,0.479243,0.00047924299999999997,
ZK203,8,2019-03-28,7,35.121,35.121,0.035121,3.5121e-05,
ZK208,8,2019-03-28,7,451.149,451.149,0.451149,0.00045114899999999997,
ZK203,9,2019-03-29,8,44.79,44.79,0.044789999999999996,4.4789999999999996e-05,
ZK208,9,2019-03-29,8,444.679,444.679,0.444679,0.00044467899999999996,
ZK203,10,2019-03-30,9,58.11,58.11,0.05811,5.811e-05,
ZK208,10,2019-03-30,9,360.88,360.88,0.36088,0.00036088,
ZK203,11,2019-03-31,10,56.75,56.75,0.05675,5.675e-05,
ZK208,11,2019-03-31,10,343.89,343.89,0.34389,0.00034388999999999996,
ZK203,12,2019-04-01,11,72.37,72.37,0.07237,7.237e-05,
ZK208,12,2019-04-01,11,295.14,295.14,0.29514,0.00029514,
ZK203,13,2019-04-02,12,75.741,75.741,0.075741,7.574099999999999e-05,
ZK208,13,2019-04-02,12,286.07,286.07,0.28607,0.00028607,
ZK203,14,2019-04-03,13,82.26,82.26,0.08226,8.226e-05,
ZK208,14,2019-04-03,13,260.973,260.973,0.260973,0.000260973,
ZK203,15,2019-04-04,14,83.072,83.072,0.08307200000000001,8.3072e-05,
ZK208,15,2019-04-04,14,245.739,245.739,0.245739,0.00024573899999999997,
ZK203,16,2019-04-07,17,87.107,87.107,0.087107,8.710699999999999e-05,
ZK208,16,2019-04-07,17,197.63,197.63,0.19763,0.00019763,
ZK203,17,2019-04-10,20,106.42,106.42,0.10642,0.00010642,
ZK208,17,2019-04-10,20,176.657,176.657,0.176657,0.000176657,
ZK203,18,2019-04-13,23,107.443,107.443,0.107443,0.000107443,
ZK208,18,2019-04-13,23,173.82,173.82,0.17382,0.00017381999999999999,
ZK203,19,2019-04-16,26,107.907,107.907,0.107907,0.000107907,
ZK208,19,2019-04-16,26,173.874,173.874,0.173874,0.000173874,
ZK203,20,2019-04-19,29,109.4,109.4,0.10940000000000001,0.0001094,
ZK208,20,2019-04-19,29,152.67,152.67,0.15267,0.00015267,
ZK203,21,2019-04-22,32,164.602,164.602,0.164602,0.000164602,
ZK208,21,2019-04-22,32,141.45,141.45,0.14145,0.00014144999999999997,
ZK203,22,2019-04-25,35,97.725,97.725,0.09772499999999999,9.772499999999999e-05,
ZK208,22,2019-04-25,35,118.444,118.444,0.11844400000000001,0.00011844399999999999,
ZK203,23,2019-04-27,37,98.725,98.725,0.098725,9.872499999999999e-05,
ZK208,23,2019-04-27,37,117.735,117.735,0.117735,0.000117735,
ZK203,24,2019-05-04,44,84.165,84.165,0.084165,8.4165e-05,
ZK208,24,2019-05-04,44,128.8,128.8,0.1288,0.00012880000000000001,
ZK203,25,2019-05-10,50,92.068,92.068,0.092068,9.2068e-05,
ZK208,25,2019-05-10,50,116.664,116.664,0.116664,0.00011666399999999999,
ZK203,26,2019-05-17,57,70.114,70.114,0.07011400000000001,7.0114e-05,
ZK208,26,2019-05-17,57,103.288,103.288,0.10328799999999999,0.00010328799999999999,
ZK203,27,2019-05-24,64,67.121,67.121,0.067121,6.7121e-05,
ZK208,27,2019-05-24,64,90.51,90.51,0.09051000000000001,9.051e-05,
ZK203,28,2019-05-31,71,69.308,69.308,0.06930800000000001,6.930800000000001e-05,
ZK208,28,2019-05-31,71,84.84,84.84,0.08484,8.484e-05,
ZK203,29,2019-06-06,77,55.9,55.9,0.0559,5.59e-05,
ZK208,29,2019-06-06,77,73.6,73.6,0.0736,7.359999999999999e-05,
ZK203,30,2019-06-14,85,44.8,44.8,0.0448,4.48e-05,
ZK208,30,2019-06-14,85,52.6,52.6,0.0526,5.26e-05,
ZK203,31,2019-06-21,92,36.2,36.2,0.0362,3.62e-05,
ZK208,31,2019-06-21,92,47.9,47.9,0.0479,4.79e-05,
ZK203,32,2019-07-05,106,38.9,38.9,0.0389,3.89e-05,
ZK208,32,2019-07-05,106,37.3,37.3,0.0373,3.73e-05,
ZK203,33,2019-07-17,118,38.2,38.2,0.038200000000000005,3.82e-05,
ZK208,33,2019-07-17,118,37.3,37.3,0.0373,3.73e-05,
ZK203,34,2019-08-26,158,25.9,25.9,0.0259,2.5899999999999996e-05,
ZK208,34,2019-08-26,158,35.2,35.2,0.0352,3.52e-05,
ZK203,35,2019-09-16,179,21.6,21.6,0.0216,2.16e-05,
ZK208,35,2019-09-16,179,23.6,23.6,0.023600000000000003,2.36e-05,
ZK203,36,2019-11-14,238,17.1,17.1,0.0171,1.7100000000000002e-05,
ZK208,36,2019-11-14,238,13.3,13.3,0.013300000000000001,1.33e-05,
