well,MaterialID,grid_dim,gmsh_physical_tag,mesh_cell_index,cell_id,closest_x,closest_y,closest_z,well_x,well_y,well_z,depth_m,distance_to_well_m,horizontal_distance_m,nearest_point_id,nearest_point_distance_m,cell_point_ids
SC211,9,2,35,8806,9453,245461.2644692181,3290667.110833274,4704.306905423678,245387.341,3290785.995,4704.306905423678,22.99289957632209,139.99330126600492,139.99330126600492,74,139.99330126600492,963;6339;74
SC211,9,2,35,8808,9455,245461.2644692181,3290667.110833274,4704.306905423678,245387.341,3290785.995,4704.306905423678,22.99289957632209,139.99330126600492,139.99330126600492,74,139.99330126600492,74;5840;964
SC211,9,2,35,8946,9593,245461.2644692181,3290667.110833274,4704.306905423678,245387.341,3290785.995,4704.306905423678,22.99289957632209,139.99330126600492,139.99330126600492,74,139.99330126600492,74;6339;5840
SC211,9,2,35,7686,8333,245441.995986391,3290654.874075841,4707.488185204121,245387.341,3290785.995,4707.488185204121,19.81161979587887,142.0558491921412,142.0558491921412,964,142.0558491921412,964;5840;5820
SC211,9,2,35,8957,9604,245441.995986391,3290654.874075841,4707.488185204121,245387.341,3290785.995,4707.488185204121,19.81161979587887,142.0558491921412,142.0558491921412,964,142.0558491921412,964;5820;75
ZK204,3,2,38,20188,20835,246191.0,3290973.0,3818.5703428052966,246191.0,3290973.0,3818.5703428052966,800.3295591947035,0.0,0.0,10852,22.011857609430216,10970;11379;10852
ZK204,3,2,35,19872,20519,246193.4959202532,3290973.1425056034,3809.1133841878054,246191.0,3290973.0,3809.1133841878054,809.7865178121947,2.4999851514114457,2.4999851514114457,10970,18.487203994738728,10850;10970;10852
ZK204,3,2,38,20179,20826,246187.16818822193,3290971.55869545,3834.0191235232805,246191.0,3290973.0,3834.0191235232805,784.8807784767196,4.093915034358237,4.093915034358237,11379,22.51103481623815,10852;11379;10854
ZK204,3,2,38,20150,20797,246197.46565930577,3290975.2689434513,3792.626701349775,246191.0,3290973.0,3792.626701349775,826.2732006502251,6.852215309207375,6.852215309207375,10970,18.002649385238865,10850;11365;10970
ZK204,3,2,38,20139,20786,246181.99004449788,3290972.2155385767,3852.914222671528,246191.0,3290973.0,3852.914222671528,765.9856793284721,9.044041014652933,9.044041014652933,11379,20.735880703517925,10854;11379;10900
ZK206,10,2,35,1042,1689,246040.0,3290780.0,3863.141703153132,246040.0,3290780.0,3863.141703153132,745.5584918468685,0.0,0.0,2964,11.673155355295895,2403;2964;2404
ZK206,4,2,38,4502,5149,246040.0,3290780.0,3913.4897903051387,246040.0,3290780.0,3913.4897903051387,695.2104046948616,0.0,0.0,2405,11.500277560373949,2404;4511;2405
ZK206,10,2,35,2,649,246040.01804405352,3290779.7336910414,3861.501677760722,246040.0,3290780.0,3861.501677760722,747.1985172392783,0.26691955589740857,0.26691955589740857,2964,12.099859846042055,2663;2964;2403
ZK206,4,2,38,4592,5239,246039.4820362048,3290780.1148773516,3915.128298859247,246040.0,3290780.0,3915.128298859247,693.5718961407533,0.530549996733845,0.530549996733845,2405,10.686211779200134,2405;4511;4495
ZK206,10,2,35,1265,1912,246039.42960801953,3290782.019425543,3875.9059895536357,246040.0,3290780.0,3875.9059895536357,732.7942054463647,2.098434305667376,2.098434305667376,2964,15.52972475072227,2964;3069;2404
ZK207,9,2,35,7819,8466,245382.0,3290608.0,4672.489040241424,245382.0,3290608.0,4672.489040241424,40.11105775857595,0.0,0.0,5852,17.059552680728853,6206;6340;5852
ZK207,9,2,35,8701,9348,245380.69670924565,3290609.2737793624,4683.460933411946,245382.0,3290608.0,4683.460933411946,29.139164588053973,1.822383234821962,1.822383234821962,5852,7.1565685681660955,5852;6340;6337
ZK207,9,2,35,8066,8713,245383.3911401848,3290605.904585611,4657.011366963048,245382.0,3290608.0,4657.011366963048,55.588731036951685,2.5151605267027297,2.5151605267027297,6206,20.0251472959176,6067;6340;6206
ZK207,9,2,35,8953,9600,245380.51881946324,3290610.1542060575,4688.575211539362,245382.0,3290608.0,4688.575211539362,24.0248864606383,2.6142875742451324,2.6142875742451324,5852,4.658672118629337,5852;6337;966
ZK207,9,2,35,8904,9551,245380.6418515768,3290610.9116278444,4692.031971135003,245382.0,3290608.0,4692.031971135003,20.568126864996884,3.2128093382526957,3.2128093382526957,5852,5.602064703501784,76;5852;966
ZK401,3,2,38,17679,18326,245834.0,3292373.0,4090.5155540137357,245834.0,3292373.0,4090.5155540137357,585.0845439862642,0.0,0.0,1473,17.769647539018628,9845;10245;1473
ZK401,5,2,35,22556,23203,245834.0,3292373.0,4189.050857816968,245834.0,3292373.0,4189.050857816968,486.54924018303154,0.0,0.0,12464,21.926186609115707,1472;12464;1471
ZK401,3,2,38,16326,16973,245834.67809433417,3292372.9686965705,4087.9995523924954,245834.0,3292373.0,4087.9995523924954,587.6005456075045,0.6788164926814506,0.6788164926814506,1473,19.38915531367689,1474;9845;1473
ZK401,5,2,35,22726,23373,245834.7518072113,3292371.4088972984,4177.791326210383,245834.0,3292373.0,4177.791326210383,497.8087717896169,1.7597789321445148,1.7597789321445148,1472,26.313900951796796,12191;12464;1472
ZK401,5,2,35,22566,23213,245833.43314797495,3292375.352386324,4204.673776633424,245834.0,3292373.0,4204.673776633424,470.9263213665763,2.419719536761896,2.419719536761896,12464,21.82153951679826,1471;12464;12188
ZK402,7,2,35,29188,29835,246190.0,3292591.0,4319.711770509292,246190.0,3292591.0,4319.711770509292,287.3883274907075,0.0,0.0,15017,24.93794236967185,15017;16233;16232
ZK402,7,2,35,29769,30416,246194.6677702578,3292590.401791682,4307.257779504066,246190.0,3292591.0,4307.257779504066,299.8423184959338,4.7059464904885555,4.7059464904885555,16233,18.22797629065119,15017;16281;16233
ZK402,7,2,38,31768,32415,246185.5683024216,3292594.6416746248,4337.3600207914815,246190.0,3292591.0,4337.3600207914815,269.7400772085184,5.736003617415861,5.736003617415861,15017,18.936181573444067,16232;16293;15017
ZK402,7,2,35,29388,30035,246196.9886322342,3292586.527028597,4294.287169837688,246190.0,3292591.0,4294.287169837688,312.81292816231144,8.297496832008893,8.297496832008893,16233,10.728905940003239,16233;16281;15028
ZK402,7,2,35,29844,30491,246196.46819789545,3292583.6736124195,4290.142667138672,246190.0,3292591.0,4290.142667138672,316.95743086132825,9.773102833498415,9.773102833498415,16233,10.800793762266442,15028;16338;16233
ZK501,3,2,38,18178,18825,245595.99576238322,3293035.269489917,4478.070485461615,245448.0,3293040.0,4478.070485461615,177.3295145383845,148.0713456717233,148.0713456717233,1399,148.24108732232247,1400;10260;1399
ZK501,3,2,38,18167,18814,245596.165841682,3293040.590483858,4473.384905670075,245448.0,3293040.0,4473.384905670075,182.01509432992498,148.16701830205514,148.16701830205514,1399,148.16701830205514,1399;8613;204
ZK501,3,2,38,18501,19148,245596.165841682,3293040.590483858,4473.384905670075,245448.0,3293040.0,4473.384905670075,182.01509432992498,148.16701830205514,148.16701830205514,1399,148.16701830205514,1399;10260;8613
ZK501,3,2,38,18154,18801,245595.1430057604,3293008.590682703,4501.563404517526,245448.0,3293040.0,4501.563404517526,153.83659548247397,150.4579986483283,150.4579986483283,1400,150.4579986483283,203;8663;1400
ZK501,3,2,38,18507,19154,245595.1430057604,3293008.590682703,4501.563404517526,245448.0,3293040.0,4501.563404517526,153.83659548247397,150.4579986483283,150.4579986483283,1400,150.4579986483283,8663;10260;1400
