well,target_type,MaterialID,grid_dim,gmsh_physical_tag,mesh_cell_index,cell_id,x,y,z,depth_m,entry_z,exit_z,interval_m,nearest_point_id,nearest_point_distance_m,cell_point_ids
SC211,lowres_3D_tetra,12,3,43,232507,233154,245387.341,3290785.995,4482.59192233768,244.7078826623192,4507.689196913475,4457.494647761885,50.194549151589854,34702,45.14957439542163,34702;34705;28248;34707
SC211,lowres_3D_tetra,12,3,43,108880,109527,245387.341,3290785.995,4451.335369149181,275.9644358508185,4457.494647761971,4445.176090536392,12.318557225578843,34705,52.8111819487636,28248;34877;34707;34705
SC211,lowres_3D_tetra,12,3,43,191140,191787,245387.341,3290785.995,4424.073030389485,303.22677461051444,4445.17609053601,4402.96997024296,42.206120293049935,34705,51.41864518662741,34930;34705;34707;34877
ZK204,fault_2D_triangle,3,2,38,20188,20835,246191.0,3290973.0,3818.5703428052625,800.3295591947376,,,0.0,10852,22.011857609433953,10970;11379;10852
ZK206,fault_2D_triangle,4,2,38,4502,5149,246040.0,3290780.0,3913.489790305195,695.2104046948052,,,0.0,2405,11.500277560342907,2404;4511;2405
ZK206,fault_2D_triangle,10,2,35,1042,1689,246040.0,3290780.0,3863.141703152164,745.5584918478362,,,0.0,2964,11.673155355484296,2403;2964;2404
ZK207,fault_2D_triangle,9,2,35,7819,8466,245382.0,3290608.0,4672.489040240409,40.11105775959095,,,0.0,5852,17.059552681705462,6206;6340;5852
ZK207,lowres_3D_tetra,12,3,43,163885,164532,245382.0,3290608.0,4522.749386442387,189.85071155761307,4528.165258210987,4517.333514673785,10.831743537201874,5939,24.884547692455186,26621;5939;6215;5941
ZK207,lowres_3D_tetra,12,3,43,192018,192665,245382.0,3290608.0,4504.951530174214,207.6485678257859,4517.333514673786,4492.5695456746425,24.7639689991438,5939,31.70808222096052,26621;5940;5939;5941
ZK207,lowres_3D_tetra,12,3,43,119545,120192,245382.0,3290608.0,4490.359803264386,222.24029473561404,4492.569545674693,4488.15006085408,4.419484820612524,5940,31.104427499323453,28080;5940;26621;5941
ZK207,lowres_3D_tetra,12,3,43,191104,191751,245382.0,3290608.0,4475.766835601881,236.83326239811868,4488.150060854157,4463.383610349605,24.766450504552267,5940,32.02316527457138,28079;26621;28080;5940
ZK207,lowres_3D_tetra,12,3,43,110134,110781,245382.0,3290608.0,4450.420961523339,262.17913647666046,4463.383610349498,4437.458312697181,25.925297652316658,6168,40.257614980877015,28079;5940;28080;6168
ZK401,fault_2D_triangle,5,2,35,22556,23203,245834.0,3292373.0,4189.05085781576,486.54924018424026,,,0.0,12464,21.926186609554403,1472;12464;1471
ZK401,fault_2D_triangle,3,2,38,17679,18326,245834.0,3292373.0,4090.51555401361,585.0845439863897,,,0.0,1473,17.769647539094212,9845;10245;1473
ZK402,fault_2D_triangle,7,2,35,29188,29835,246190.0,3292591.0,4319.711770509142,287.3883274908576,,,0.0,15017,24.937942369769843,15017;16233;16232
ZK402,lowres_3D_tetra,12,3,43,68873,69520,246190.0,3292591.0,4211.7594813340975,395.3406166659024,4221.483925725013,4202.035036943182,19.448888781831556,16338,35.97885073849485,20210;16338;15594;15593
ZK402,lowres_3D_tetra,12,3,43,45490,46137,246190.0,3292591.0,4186.701006997411,420.39909100258865,4202.035036943179,4171.366977051643,30.66805989153636,15593,45.39224422320739,20210;15594;20482;15593
ZK402,lowres_3D_tetra,12,3,43,77523,78170,246190.0,3292591.0,4157.5212018776865,449.5788961223134,4171.366977051524,4143.675426703849,27.69155034767573,15593,51.696018467243015,20851;15593;20210;20482
ZK402,lowres_3D_tetra,12,3,43,77187,77834,246190.0,3292591.0,4132.028898591752,475.0711994082476,4143.675426703805,4120.3823704797005,23.293056224104475,20482,57.03177729350059,20851;15593;20482;15591
ZK402,lowres_3D_tetra,12,3,43,77254,77901,246190.0,3292591.0,4113.650073382179,493.4500246178213,4120.382370479705,4106.917776284652,13.464594195052996,20482,55.11488589447959,20851;15591;20482;15549
ZK402,lowres_3D_tetra,12,3,43,70816,71463,246190.0,3292591.0,4046.1446333372087,560.9554646627912,4106.91777628476,3985.371490389657,121.54628589510321,20481,74.3289184101969,20481;20851;20482;15549
ZK402,lowres_3D_tetra,12,3,43,82491,83138,246190.0,3292591.0,3983.7169419346174,623.3831560653825,3985.3714903896403,3982.0623934795944,3.3090969100458096,20481,14.19651980567886,20481;20851;15549;15548
ZK402,lowres_3D_tetra,12,3,43,70768,71415,246190.0,3292591.0,3980.323876901624,626.776221098376,3982.0623934795976,3978.58536032365,3.477033155947538,20481,11.642447239687703,20481;15549;15547;15548
ZK402,lowres_3D_tetra,12,3,43,145275,145922,246190.0,3292591.0,3977.9555826978903,629.1445153021095,3978.58536032365,3977.32580507213,1.2595552515199415,20481,10.155206089763833,20481;15548;15547;15545
ZK402,lowres_3D_tetra,12,3,43,90181,90828,246190.0,3292591.0,3976.1034241826815,630.9966738173184,3977.325805072129,3974.881043293234,2.4447617788946445,20481,9.25158950609445,20481;15547;15546;15545
ZK402,lowres_3D_tetra,12,3,43,73011,73658,246190.0,3292591.0,3974.331223956103,632.7688740438971,3974.8810432932346,3973.7814046189706,1.0996386742640425,20481,8.673854007383369,20481;15490;15545;15546
