well,target_type,MaterialID,grid_dim,gmsh_physical_tag,mesh_cell_index,cell_id,x,y,z,depth_m,entry_z,exit_z,depth_top_m,depth_bottom_m,interval_m,nearest_point_id,nearest_point_distance_m,cell_point_ids
ZK501,bedrock_3D_tetra,0,3,43,64193,64840,245448.0,3293040.0,4644.448738657176,10.951261342823273,4655.4,4633.497477314352,0.0,21.902522685647455,21.902522685647455,20448,58.139110715908394,20612;22209;20448;22210
ZK501,bedrock_3D_tetra,0,3,43,188125,188772,245448.0,3293040.0,4620.620844292049,34.77915570795085,4633.497477314237,4607.74421126986,21.90252268576296,47.65578873013965,25.753266044376687,20448,37.34982501336238,20612;20448;30946;22210
ZK501,bedrock_3D_tetra,0,3,43,221279,221926,245448.0,3293040.0,4602.356761620073,53.04323837992706,4607.744211269748,4596.969311970396,47.655788730251516,58.430688029603516,10.774899299352,20448,25.34098742872451,20609;30946;20612;20448
ZK501,bedrock_3D_tetra,0,3,43,221281,221928,245448.0,3293040.0,4582.3015302631975,73.09846973680214,4596.969311970536,4567.63374855586,58.430688029463454,87.76625144413993,29.33556341467647,20448,24.165959234220725,20609;22081;20448;20612
ZK501,bedrock_3D_tetra,0,3,43,77436,78083,245448.0,3293040.0,4536.7258681133535,118.67413188664614,4567.63374855593,4505.817987670777,87.7662514440699,149.58201232922238,61.815760885152486,20448,58.676814677855056,33486;20448;20609;22081
ZK501,bedrock_3D_tetra,0,3,43,77469,78116,245448.0,3293040.0,4490.691178595968,164.70882140403137,4505.81798767084,4475.5643695210965,149.58201232915962,179.8356304789031,30.253618149743488,33486,27.362983979620342,33486;22081;20609;20611
ZK501,bedrock_3D_tetra,0,3,43,77489,78136,245448.0,3293040.0,4465.286128097239,190.11387190276037,4475.564369521057,4455.007886673422,179.83563047894222,200.3921133265776,20.55648284763538,33486,29.66002670927175,22287;33486;20611;22081
ZK501,bedrock_3D_tetra,0,3,43,75326,75973,245448.0,3293040.0,4437.9615776087085,217.43842239129117,4455.007886673488,4420.9152685439285,200.3921133265112,234.48473145607113,34.09261812955992,33486,49.612606759372696,33486;30589;22287;20611
ZK501,bedrock_3D_tetra,0,3,43,187368,188015,245448.0,3293040.0,4387.300521540868,268.0994784591312,4420.915268543836,4353.6857745379,234.4847314561639,301.7142254620994,67.22949400593552,22287,82.07602279791203,33486;30589;30661;22287
ZK501,bedrock_3D_tetra,0,3,43,221254,221901,245448.0,3293040.0,4345.592887268962,309.8071127310377,4353.685774537924,4337.5,301.7142254620758,317.89999999999964,16.185774537923862,22287,72.44146469284436,21968;22287;30661;30589
