Well,bulk_node_id,x,y,z,association,local_index
,34705,245387.341,3290785.995,4451.335369,point,0
,10852,246191.0,3290973.0,3818.570343,point,1
,2405,246040.0,3290780.0,3913.48979,point,2
,2964,246040.0,3290780.0,3863.141703,point,3
,5852,245382.0,3290608.0,4672.48904,point,4
,5940,245382.0,3290608.0,4475.766836,point,5
,12464,245834.0,3292373.0,4189.050858,point,6
,1473,245834.0,3292373.0,4090.515554,point,7
,15017,246190.0,3292591.0,4319.711771,point,8
,20482,246190.0,3292591.0,4113.650073,point,9
,33486,245448.0,3293040.0,4490.691179,point,10
