well,recommended_type,MaterialID,grid_dim,x,y,z,depth_m,mesh_cell_index,cell_id,bulk_node_id,nearest_node_distance_m,note,original_bulk_node_id,noMatrix_node_distance_from_target_m,noMatrix_mapping_status,noMatrix_node_x,noMatrix_node_y,noMatrix_node_z
SC211,lowres_midpoint,12,3,245387.341,3290785.995,4451.335369149181,275.9644358508185,108880,109527,17059,52.8111819487636,representative midpoint of lowres interval 219.61-324.33 m,34705,52.8111819487636,exact_original_node_retained,245426.7432172903,3290754.833816833,4435.042214910358
ZK204,exact_fault,3,2,246191.0,3290973.0,3818.570342805264,800.3295591947376,20188,20835,10610,22.01185760943396,strict well-fault intersection,10852,22.011857609433807,exact_original_node_retained,246194.7349199081,3290951.441995206,3820.983779771971
ZK206,exact_fault,4,2,246040.0,3290780.0,3913.489790305195,695.2104046948052,4502,5149,2163,11.500277560342909,strict well-fault intersection,2405,11.500277560342907,exact_original_node_retained,246041.5577029737,3290789.473730274,3919.820539084446
ZK206,exact_fault,10,2,246040.0,3290780.0,3863.141703152164,745.5584918478362,1042,1689,2722,11.673155355484296,strict well-fault intersection,2964,11.673155355484296,exact_original_node_retained,246028.5975516663,3290778.959883142,3865.414341458532
ZK207,exact_fault,9,2,245382.0,3290608.0,4672.489040240409,40.11105775959095,7819,8466,5610,17.059552681705462,strict well-fault intersection,5852,17.059552681705465,exact_original_node_retained,245383.6846784409,3290612.330974934,4688.903450140564
ZK207,lowres_midpoint,12,3,245382.0,3290608.0,4475.766835601881,236.83326239811868,191104,191751,5698,32.02316527457138,representative midpoint of lowres interval 184.43-275.14 m,5940,32.02316527457138,exact_original_node_retained,245396.0818391904,3290580.778712248,4485.050499336604
ZK401,exact_fault,5,2,245834.0,3292373.0,4189.05085781576,486.54924018424026,22556,23203,12222,21.926186609554403,strict well-fault intersection,12464,21.926186609554403,exact_original_node_retained,245853.1558842042,3292380.10495305,4197.008835055454
ZK401,exact_fault,3,2,245834.0,3292373.0,4090.51555401361,585.0845439863897,17679,18326,1465,17.769647539094212,strict well-fault intersection,1473,17.769647539094212,exact_original_node_retained,245834.024658565,3292358.813982456,4101.216800289623
ZK402,exact_fault,7,2,246190.0,3292591.0,4319.711770509142,287.3883274908576,29188,29835,14775,24.937942369769843,strict well-fault intersection,15017,24.93794236976984,exact_original_node_retained,246196.992919841,3292608.544742463,4335.996181878206
ZK402,lowres_midpoint,12,3,246190.0,3292591.0,4113.650073382179,493.4500246178213,77254,77901,16449,55.11488589447959,representative midpoint of lowres interval 385.62-633.32 m,20482,55.11488589447959,exact_original_node_retained,246134.9885432134,3292590.522696151,4116.991098735805
ZK501,bedrock_midpoint,0,3,245448.0,3293040.0,4490.691178595968,164.70882140403137,77469,78116,16532,27.362983979620346,bedrock/matrix representative point near middle of ZK501 drilled interval; bedrock interval approximately 0.00-317.90 m,33486,89.58673328795423,projected_to_nearest_retained_node,245523.4653286227,3292999.928732756,4517.618126037893
