model,material_id,base_permeability_m2,final_permeability_m2,status
DFNM,0,1e-16,1e-16,transferred_from_joint_007
DFNM,1,1e-08,9.554224501857e-09,transferred_from_joint_007
DFNM,2,4e-17,4e-17,transferred_from_joint_007
DFNM,3,4e-17,4e-17,transferred_from_joint_007
DFNM,4,4e-17,4e-17,transferred_from_joint_007
DFNM,5,1e-08,1.013370361393e-10,transferred_from_joint_007
DFNM,6,4e-10,4e-10,transferred_from_joint_007
DFNM,7,4e-09,4e-09,transferred_from_joint_007
DFNM,8,4e-10,4e-10,transferred_from_joint_007
DFNM,9,2e-11,1.125163238659e-11,transferred_from_joint_007
DFNM,10,4e-13,4e-13,transferred_from_joint_007
DFNM,12,2.5e-12,2.499956611737e-12,transferred_from_joint_007
DFNM-LRZ,0,1e-16,1e-16,transferred_from_joint_007
DFNM-LRZ,1,1e-08,9.554224501857e-09,transferred_from_joint_007
DFNM-LRZ,2,4e-17,4e-17,transferred_from_joint_007
DFNM-LRZ,3,4e-17,4e-17,transferred_from_joint_007
DFNM-LRZ,4,4e-17,4e-17,transferred_from_joint_007
DFNM-LRZ,5,1e-08,1.013370361393e-10,transferred_from_joint_007
DFNM-LRZ,6,4e-10,4e-10,transferred_from_joint_007
DFNM-LRZ,7,4e-09,4e-09,transferred_from_joint_007
DFNM-LRZ,8,4e-10,4e-10,transferred_from_joint_007
DFNM-LRZ,9,2e-11,1.125163238659e-11,transferred_from_joint_007
DFNM-LRZ,10,4e-13,4e-13,transferred_from_joint_007
DFNM-LRZ,12,2.5e-12,2.499956611737e-12,transferred_from_joint_007
DFN-LRZ,0,1e-16,1e-16,transferred_from_joint_007
DFN-LRZ,1,1e-08,9.554224501857e-09,transferred_from_joint_007
DFN-LRZ,2,4e-17,4e-17,transferred_from_joint_007
DFN-LRZ,3,4e-17,4e-17,transferred_from_joint_007
DFN-LRZ,4,4e-17,4e-17,transferred_from_joint_007
DFN-LRZ,5,1e-08,1.013370361393e-10,transferred_from_joint_007
DFN-LRZ,6,4e-10,4e-10,transferred_from_joint_007
DFN-LRZ,7,4e-09,4e-09,transferred_from_joint_007
DFN-LRZ,8,4e-10,4e-10,transferred_from_joint_007
DFN-LRZ,9,2e-11,1.125163238659e-11,transferred_from_joint_007
DFN-LRZ,10,4e-13,4e-13,transferred_from_joint_007
DFN-LRZ,12,2.5e-12,2.499956611737e-12,transferred_from_joint_007
DFN,0,1e-16,1e-16,transferred_from_joint_007
DFN,1,1e-08,9.554224501857e-09,transferred_from_joint_007
DFN,2,4e-17,4e-17,transferred_from_joint_007
DFN,3,4e-17,4e-17,transferred_from_joint_007
DFN,4,4e-17,4e-17,transferred_from_joint_007
DFN,5,1e-08,1.013370361393e-10,transferred_from_joint_007
DFN,6,4e-10,4e-10,transferred_from_joint_007
DFN,7,4e-09,4e-09,transferred_from_joint_007
DFN,8,4e-10,4e-10,transferred_from_joint_007
DFN,9,2e-11,1.125163238659e-11,transferred_from_joint_007
DFN,10,4e-13,4e-13,transferred_from_joint_007
DFN,11,4e-09,4e-09,retained_from_base_not_in_joint_007
DFN,100,4e-09,4e-09,retained_from_base_not_in_joint_007
