case_id,random_seed,is_baseline,k5_m2,k1_m2,k12_m2
baseline_000,20260719,True,1e-08,1e-08,2.5e-12
random_001,20260719,False,4.091874709599224e-10,1.912187717017805e-08,1.065711923548997e-12
random_002,20260719,False,5.186571212641236e-10,8.522417313822536e-09,2.895807236676952e-12
random_003,20260719,False,2.2336542118442004e-09,6.28087646980136e-09,4.368386971506705e-12
random_004,20260719,False,2.0249198304637807e-09,6.256808387476691e-09,5.6412680326144224e-12
random_005,20260719,False,4.1747823999927607e-10,3.450567922151934e-09,3.2456990087756302e-12
random_006,20260719,False,6.7636986917141e-10,1.1525422572115572e-08,2.0591905375050444e-12
random_007,20260719,False,1.976980480617634e-10,6.016447692004776e-09,9.93732739053954e-12
random_008,20260719,False,2.337486490441311e-09,3.0860230888696353e-09,6.28692367010427e-12
random_009,20260719,False,1.006810005071279e-09,2.737097702038056e-08,6.645684140195173e-12
random_010,20260719,False,2.0558008577775956e-10,3.520434578123632e-09,2.921827196862884e-12
random_011,20260719,False,1.4592876866108562e-09,4.908986238959639e-09,1.4097997871895764e-12
random_012,20260719,False,8.60777950675994e-10,2.364284766789129e-08,4.851613242333671e-12
random_013,20260719,False,8.070474102893913e-10,2.1744187233301808e-08,3.471741367413982e-12
random_014,20260719,False,1.5216944657724321e-10,5.477341230594485e-09,1.3499669216328834e-12
random_015,20260719,False,3.5234724589181646e-10,2.58673866764336e-08,4.3061556216154805e-12
random_016,20260719,False,1.593264259268089e-10,3.2053336218730725e-09,3.0003109292623097e-12
random_017,20260719,False,2.8851671693882547e-09,2.625598100571943e-08,9.39426087785505e-12
random_018,20260719,False,6.365131164256614e-10,7.551201911588962e-09,1.758283752101145e-12
random_019,20260719,False,2.652471846331412e-10,1.4273188004882879e-08,1.2272622217240554e-12
random_020,20260719,False,1.7698969022236217e-10,4.8294578438454695e-09,2.529510055210063e-12
random_021,20260719,False,9.70292723648713e-10,2.0566704834601157e-08,3.182468448736924e-12
random_022,20260719,False,7.177214421943386e-10,9.273711203104518e-09,3.3110799593769958e-12
random_023,20260719,False,4.3135421856114346e-10,1.5356161157161283e-08,3.5575282658169336e-12
random_024,20260719,False,1.793690392830492e-10,2.3727486099231575e-08,2.096884184058712e-12
