case_id,is_baseline,is_informed,k12_m2,k9_m2,random_seed
baseline_000,True,False,2.887007451807084e-12,3.883308202027928e-11,20260720
informed_001,False,True,2.263469259981804e-12,1.6106247632662385e-11,20260720
joint_001,False,False,1.8351928997915473e-12,1.1800919795395569e-11,20260720
joint_002,False,False,2.656274776422773e-12,2.327516422011255e-11,20260720
joint_003,False,False,1.934709761548379e-12,1.040896321571077e-11,20260720
joint_004,False,False,1.888234534417405e-12,2.1746874554595886e-11,20260720
joint_005,False,False,2.7862001080135905e-12,2.7769949969521828e-11,20260720
joint_006,False,False,3.027167905115693e-12,1.2507815742141897e-11,20260720
joint_007,False,False,2.499956611736578e-12,1.125163238658806e-11,20260720
joint_008,False,False,1.8340018446562976e-12,3.411777048547702e-11,20260720
joint_009,False,False,2.2584836245947566e-12,1.4118568781655948e-11,20260720
joint_010,False,False,2.0275541248932082e-12,2.0424992751009245e-11,20260720
joint_011,False,False,2.1742201347194074e-12,1.6929995431015622e-11,20260720
joint_012,False,False,2.004520477345406e-12,2.6071163568790233e-11,20260720
joint_013,False,False,2.556194048059643e-12,1.574198061560507e-11,20260720
joint_014,False,False,2.067574994152753e-12,1.8907929178060417e-11,20260720
joint_015,False,False,2.444215094404287e-12,2.91407567938963e-11,20260720
joint_016,False,False,3.1465137926101133e-12,2.2166488676741744e-11,20260720
joint_017,False,False,2.286775641745537e-12,2.6704048834505293e-11,20260720
joint_018,False,False,2.7290530452335928e-12,1.8560368418604324e-11,20260720
joint_019,False,False,1.9794366896118527e-12,3.115674794063115e-11,20260720
joint_020,False,False,3.0114884104665405e-12,3.027442778478192e-11,20260720
joint_021,False,False,2.382868164482077e-12,1.2123554244810869e-11,20260720
joint_022,False,False,2.8191821529638254e-12,1.7792294969865782e-11,20260720
joint_023,False,False,2.335819764596337e-12,1.3784551642815247e-11,20260720
joint_024,False,False,2.9343862816882256e-12,1.0661137759171432e-11,20260720
joint_025,False,False,2.5982239036134073e-12,3.3256292013685085e-11,20260720
joint_026,False,False,2.2068357685267494e-12,2.431367509023411e-11,20260720
joint_027,False,False,3.093954638594876e-12,2.0150242068566352e-11,20260720
joint_028,False,False,2.9062539141434377e-12,1.2897066307308703e-11,20260720
joint_029,False,False,2.469849153127634e-12,1.635034629420375e-11,20260720
joint_030,False,False,2.1071006004783912e-12,1.4932855401034164e-11,20260720
